,Количество комнат,Цена квартиры,Площадь,Район,Ссылка
0,1,2846000,27.1,Академический,https://www.an-nks.ru/search?view=filter-search&type=0&prev_type=0&district=Академический&prev_district=Академический&prev_stock=&price%5Bfrom%5D=420000&price%5Bto%5D=5990000&ploshchad%5Bfrom%5D=16.8&ploshchad%5Bto%5D=77.4
1,1,2946000,27.1,Академический,https://www.an-nks.ru/search?view=filter-search&type=0&prev_type=0&district=Академический&prev_district=Академический&prev_stock=&price%5Bfrom%5D=420000&price%5Bto%5D=5990000&ploshchad%5Bfrom%5D=16.8&ploshchad%5Bto%5D=77.4
2,1,3200000,30.8,Академический,https://www.an-nks.ru/search?view=filter-search&type=0&prev_type=0&district=Академический&prev_district=Академический&prev_stock=&price%5Bfrom%5D=420000&price%5Bto%5D=5990000&ploshchad%5Bfrom%5D=16.8&ploshchad%5Bto%5D=77.4
3,1,3350000,35.45,Академический,https://www.an-nks.ru/search?view=filter-search&type=0&prev_type=0&district=Академический&prev_district=Академический&prev_stock=&price%5Bfrom%5D=420000&price%5Bto%5D=5990000&ploshchad%5Bfrom%5D=16.8&ploshchad%5Bto%5D=77.4
4,1,3455000,34.95,Академический,https://www.an-nks.ru/search?view=filter-search&type=0&prev_type=0&district=Академический&prev_district=Академический&prev_stock=&price%5Bfrom%5D=420000&price%5Bto%5D=5990000&ploshchad%5Bfrom%5D=16.8&ploshchad%5Bto%5D=77.4
5,1,3676000,37.25,Академический,https://www.an-nks.ru/search?view=filter-search&type=0&prev_type=0&district=Академический&prev_district=Академический&prev_stock=&price%5Bfrom%5D=420000&price%5Bto%5D=5990000&ploshchad%5Bfrom%5D=16.8&ploshchad%5Bto%5D=77.4
6,1,3790000,40.85,Академический,https://www.an-nks.ru/search?view=filter-search&type=0&prev_type=0&district=Академический&prev_district=Академический&prev_stock=&price%5Bfrom%5D=420000&price%5Bto%5D=5990000&ploshchad%5Bfrom%5D=16.8&ploshchad%5Bto%5D=77.4
7,1,3820000,41.15,Академический,https://www.an-nks.ru/search?view=filter-search&type=0&prev_type=0&district=Академический&prev_district=Академический&prev_stock=&price%5Bfrom%5D=420000&price%5Bto%5D=5990000&ploshchad%5Bfrom%5D=16.8&ploshchad%5Bto%5D=77.4
8,1,3910000,42,Академический,https://www.an-nks.ru/search?view=filter-search&type=0&prev_type=0&district=Академический&prev_district=Академический&prev_stock=&price%5Bfrom%5D=420000&price%5Bto%5D=5990000&ploshchad%5Bfrom%5D=16.8&ploshchad%5Bto%5D=77.4
9,1,3945000,42.5,Академический,https://www.an-nks.ru/search?view=filter-search&type=0&prev_type=0&district=Академический&prev_district=Академический&prev_stock=&price%5Bfrom%5D=420000&price%5Bto%5D=5990000&ploshchad%5Bfrom%5D=16.8&ploshchad%5Bto%5D=77.4
10,1,4050000,43.65,Академический,https://www.an-nks.ru/search?view=filter-search&type=0&prev_type=0&district=Академический&prev_district=Академический&prev_stock=&price%5Bfrom%5D=420000&price%5Bto%5D=5990000&ploshchad%5Bfrom%5D=16.8&ploshchad%5Bto%5D=77.4
11,1,4150000,43.05,Академический,https://www.an-nks.ru/search?view=filter-search&type=0&prev_type=0&district=Академический&prev_district=Академический&prev_stock=&price%5Bfrom%5D=420000&price%5Bto%5D=5990000&ploshchad%5Bfrom%5D=16.8&ploshchad%5Bto%5D=77.4
12,1,4150000,43.05,Академический,https://www.an-nks.ru/search?view=filter-search&type=0&prev_type=0&district=Академический&prev_district=Академический&prev_stock=&price%5Bfrom%5D=420000&price%5Bto%5D=5990000&ploshchad%5Bfrom%5D=16.8&ploshchad%5Bto%5D=77.4
13,2,4560000,52.25,Академический,https://www.an-nks.ru/search?view=filter-search&type=0&prev_type=0&district=Академический&prev_district=Академический&prev_stock=&price%5Bfrom%5D=420000&price%5Bto%5D=5990000&ploshchad%5Bfrom%5D=16.8&ploshchad%5Bto%5D=77.4
14,2,4583000,52.5,Академический,https://www.an-nks.ru/search?view=filter-search&type=0&prev_type=0&district=Академический&prev_district=Академический&prev_stock=&price%5Bfrom%5D=420000&price%5Bto%5D=5990000&ploshchad%5Bfrom%5D=16.8&ploshchad%5Bto%5D=77.4
15,1,4660000,53.25,Академический,https://www.an-nks.ru/search?view=filter-search&type=0&prev_type=0&district=Академический&prev_district=Академический&prev_stock=&price%5Bfrom%5D=420000&price%5Bto%5D=5990000&ploshchad%5Bfrom%5D=16.8&ploshchad%5Bto%5D=77.4
16,2,4760000,55.75,Академический,https://www.an-nks.ru/search?view=filter-search&type=0&prev_type=0&district=Академический&prev_district=Академический&prev_stock=&price%5Bfrom%5D=420000&price%5Bto%5D=5990000&ploshchad%5Bfrom%5D=16.8&ploshchad%5Bto%5D=77.4
17,2,4760000,55.75,Академический,https://www.an-nks.ru/search?view=filter-search&type=0&prev_type=0&district=Академический&prev_district=Академический&prev_stock=&price%5Bfrom%5D=420000&price%5Bto%5D=5990000&ploshchad%5Bfrom%5D=16.8&ploshchad%5Bto%5D=77.4
18,1,4812000,57.2,Академический,https://www.an-nks.ru/search?view=filter-search&type=0&prev_type=0&district=Академический&prev_district=Академический&prev_stock=&price%5Bfrom%5D=420000&price%5Bto%5D=5990000&ploshchad%5Bfrom%5D=16.8&ploshchad%5Bto%5D=77.4
19,2,4860000,58.9,Академический,https://www.an-nks.ru/search?view=filter-search&type=0&prev_type=0&district=Академический&prev_district=Академический&prev_stock=&price%5Bfrom%5D=420000&price%5Bto%5D=5990000&ploshchad%5Bfrom%5D=16.8&ploshchad%5Bto%5D=77.4
20,2,4925000,59.7,Академический,https://www.an-nks.ru/search?view=filter-search&type=0&prev_type=0&district=Академический&prev_district=Академический&prev_stock=&price%5Bfrom%5D=420000&price%5Bto%5D=5990000&ploshchad%5Bfrom%5D=16.8&ploshchad%5Bto%5D=77.4
21,2,5050000,62.5,Академический,https://www.an-nks.ru/search?view=filter-search&type=0&prev_type=0&district=Академический&prev_district=Академический&prev_stock=&price%5Bfrom%5D=420000&price%5Bto%5D=5990000&ploshchad%5Bfrom%5D=16.8&ploshchad%5Bto%5D=77.4
22,3,5540000,69.9,Академический,https://www.an-nks.ru/search?view=filter-search&type=0&prev_type=0&district=Академический&prev_district=Академический&prev_stock=&price%5Bfrom%5D=420000&price%5Bto%5D=5990000&ploshchad%5Bfrom%5D=16.8&ploshchad%5Bto%5D=77.4
23,3,5540000,69.9,Академический,https://www.an-nks.ru/search?view=filter-search&type=0&prev_type=0&district=Академический&prev_district=Академический&prev_stock=&price%5Bfrom%5D=420000&price%5Bto%5D=5990000&ploshchad%5Bfrom%5D=16.8&ploshchad%5Bto%5D=77.4
24,3,5730000,72.3,Академический,https://www.an-nks.ru/search?view=filter-search&type=0&prev_type=0&district=Академический&prev_district=Академический&prev_stock=&price%5Bfrom%5D=420000&price%5Bto%5D=5990000&ploshchad%5Bfrom%5D=16.8&ploshchad%5Bto%5D=77.4
25,3,5850000,74.05,Академический,https://www.an-nks.ru/search?view=filter-search&type=0&prev_type=0&district=Академический&prev_district=Академический&prev_stock=&price%5Bfrom%5D=420000&price%5Bto%5D=5990000&ploshchad%5Bfrom%5D=16.8&ploshchad%5Bto%5D=77.4
26,3,5990000,77.4,Академический,https://www.an-nks.ru/search?view=filter-search&type=0&prev_type=0&district=Академический&prev_district=Академический&prev_stock=&price%5Bfrom%5D=420000&price%5Bto%5D=5990000&ploshchad%5Bfrom%5D=16.8&ploshchad%5Bto%5D=77.4
27,1,3081195,29.77,Верх-Исетский,https://www.an-nks.ru/search?view=filter-search&type=0&prev_type=0&district=ВИЗ&prev_district=ВИЗ&prev_stock=&price%5Bfrom%5D=690000&price%5Bto%5D=16700000&ploshchad%5Bfrom%5D=14.5&ploshchad%5Bto%5D=143.6
28,1,3160920,29.68,Верх-Исетский,https://www.an-nks.ru/search?view=filter-search&type=0&prev_type=0&district=ВИЗ&prev_district=ВИЗ&prev_stock=&price%5Bfrom%5D=690000&price%5Bto%5D=16700000&ploshchad%5Bfrom%5D=14.5&ploshchad%5Bto%5D=143.6
29,1,3168000,31.68,Верх-Исетский,https://www.an-nks.ru/search?view=filter-search&type=0&prev_type=0&district=ВИЗ&prev_district=ВИЗ&prev_stock=&price%5Bfrom%5D=690000&price%5Bto%5D=16700000&ploshchad%5Bfrom%5D=14.5&ploshchad%5Bto%5D=143.6
30,1,3284135,28.19,Верх-Исетский,https://www.an-nks.ru/search?view=filter-search&type=0&prev_type=0&district=ВИЗ&prev_district=ВИЗ&prev_stock=&price%5Bfrom%5D=690000&price%5Bto%5D=16700000&ploshchad%5Bfrom%5D=14.5&ploshchad%5Bto%5D=143.6
31,1,3417570,33.02,Верх-Исетский,https://www.an-nks.ru/search?view=filter-search&type=0&prev_type=0&district=ВИЗ&prev_district=ВИЗ&prev_stock=&price%5Bfrom%5D=690000&price%5Bto%5D=16700000&ploshchad%5Bfrom%5D=14.5&ploshchad%5Bto%5D=143.6
32,1,3820285,35.21,Верх-Исетский,https://www.an-nks.ru/search?view=filter-search&type=0&prev_type=0&district=ВИЗ&prev_district=ВИЗ&prev_stock=&price%5Bfrom%5D=690000&price%5Bto%5D=16700000&ploshchad%5Bfrom%5D=14.5&ploshchad%5Bto%5D=143.6
33,1,3950960,37.99,Верх-Исетский,https://www.an-nks.ru/search?view=filter-search&type=0&prev_type=0&district=ВИЗ&prev_district=ВИЗ&prev_stock=&price%5Bfrom%5D=690000&price%5Bto%5D=16700000&ploshchad%5Bfrom%5D=14.5&ploshchad%5Bto%5D=143.6
34,1,4026960,39.48,Верх-Исетский,https://www.an-nks.ru/search?view=filter-search&type=0&prev_type=0&district=ВИЗ&prev_district=ВИЗ&prev_stock=&price%5Bfrom%5D=690000&price%5Bto%5D=16700000&ploshchad%5Bfrom%5D=14.5&ploshchad%5Bto%5D=143.6
35,1,4038450,37.05,Верх-Исетский,https://www.an-nks.ru/search?view=filter-search&type=0&prev_type=0&district=ВИЗ&prev_district=ВИЗ&prev_stock=&price%5Bfrom%5D=690000&price%5Bto%5D=16700000&ploshchad%5Bfrom%5D=14.5&ploshchad%5Bto%5D=143.6
36,1,4093220,39.74,Верх-Исетский,https://www.an-nks.ru/search?view=filter-search&type=0&prev_type=0&district=ВИЗ&prev_district=ВИЗ&prev_stock=&price%5Bfrom%5D=690000&price%5Bto%5D=16700000&ploshchad%5Bfrom%5D=14.5&ploshchad%5Bto%5D=143.6
37,1,4177460,39.41,Верх-Исетский,https://www.an-nks.ru/search?view=filter-search&type=0&prev_type=0&district=ВИЗ&prev_district=ВИЗ&prev_stock=&price%5Bfrom%5D=690000&price%5Bto%5D=16700000&ploshchad%5Bfrom%5D=14.5&ploshchad%5Bto%5D=143.6
38,2,4821795,51.57,Верх-Исетский,https://www.an-nks.ru/search?view=filter-search&type=0&prev_type=0&district=ВИЗ&prev_district=ВИЗ&prev_stock=&price%5Bfrom%5D=690000&price%5Bto%5D=16700000&ploshchad%5Bfrom%5D=14.5&ploshchad%5Bto%5D=143.6
39,2,5138880,53.53,Верх-Исетский,https://www.an-nks.ru/search?view=filter-search&type=0&prev_type=0&district=ВИЗ&prev_district=ВИЗ&prev_stock=&price%5Bfrom%5D=690000&price%5Bto%5D=16700000&ploshchad%5Bfrom%5D=14.5&ploshchad%5Bto%5D=143.6
40,2,5224680,56.79,Верх-Исетский,https://www.an-nks.ru/search?view=filter-search&type=0&prev_type=0&district=ВИЗ&prev_district=ВИЗ&prev_stock=&price%5Bfrom%5D=690000&price%5Bto%5D=16700000&ploshchad%5Bfrom%5D=14.5&ploshchad%5Bto%5D=143.6
41,2,5371475,58.07,Верх-Исетский,https://www.an-nks.ru/search?view=filter-search&type=0&prev_type=0&district=ВИЗ&prev_district=ВИЗ&prev_stock=&price%5Bfrom%5D=690000&price%5Bto%5D=16700000&ploshchad%5Bfrom%5D=14.5&ploshchad%5Bto%5D=143.6
42,2,5536125,59.85,Верх-Исетский,https://www.an-nks.ru/search?view=filter-search&type=0&prev_type=0&district=ВИЗ&prev_district=ВИЗ&prev_stock=&price%5Bfrom%5D=690000&price%5Bto%5D=16700000&ploshchad%5Bfrom%5D=14.5&ploshchad%5Bto%5D=143.6
43,2,5546480,62.32,Верх-Исетский,https://www.an-nks.ru/search?view=filter-search&type=0&prev_type=0&district=ВИЗ&prev_district=ВИЗ&prev_stock=&price%5Bfrom%5D=690000&price%5Bto%5D=16700000&ploshchad%5Bfrom%5D=14.5&ploshchad%5Bto%5D=143.6
44,2,5547595,58.09,Верх-Исетский,https://www.an-nks.ru/search?view=filter-search&type=0&prev_type=0&district=ВИЗ&prev_district=ВИЗ&prev_stock=&price%5Bfrom%5D=690000&price%5Bto%5D=16700000&ploshchad%5Bfrom%5D=14.5&ploshchad%5Bto%5D=143.6
45,2,5702040,60.66,Верх-Исетский,https://www.an-nks.ru/search?view=filter-search&type=0&prev_type=0&district=ВИЗ&prev_district=ВИЗ&prev_stock=&price%5Bfrom%5D=690000&price%5Bto%5D=16700000&ploshchad%5Bfrom%5D=14.5&ploshchad%5Bto%5D=143.6
46,2,5737160,61.36,Верх-Исетский,https://www.an-nks.ru/search?view=filter-search&type=0&prev_type=0&district=ВИЗ&prev_district=ВИЗ&prev_stock=&price%5Bfrom%5D=690000&price%5Bto%5D=16700000&ploshchad%5Bfrom%5D=14.5&ploshchad%5Bto%5D=143.6
47,2,5787180,61.24,Верх-Исетский,https://www.an-nks.ru/search?view=filter-search&type=0&prev_type=0&district=ВИЗ&prev_district=ВИЗ&prev_stock=&price%5Bfrom%5D=690000&price%5Bto%5D=16700000&ploshchad%5Bfrom%5D=14.5&ploshchad%5Bto%5D=143.6
48,2,6084650,65.78,Верх-Исетский,https://www.an-nks.ru/search?view=filter-search&type=0&prev_type=0&district=ВИЗ&prev_district=ВИЗ&prev_stock=&price%5Bfrom%5D=690000&price%5Bto%5D=16700000&ploshchad%5Bfrom%5D=14.5&ploshchad%5Bto%5D=143.6
49,2,6419560,63.56,Верх-Исетский,https://www.an-nks.ru/search?view=filter-search&type=0&prev_type=0&district=ВИЗ&prev_district=ВИЗ&prev_stock=&price%5Bfrom%5D=690000&price%5Bto%5D=16700000&ploshchad%5Bfrom%5D=14.5&ploshchad%5Bto%5D=143.6
50,3,6598560,74.56,Верх-Исетский,https://www.an-nks.ru/search?view=filter-search&type=0&prev_type=0&district=ВИЗ&prev_district=ВИЗ&prev_stock=&price%5Bfrom%5D=690000&price%5Bto%5D=16700000&ploshchad%5Bfrom%5D=14.5&ploshchad%5Bto%5D=143.6
51,3,6744465,71.37,Верх-Исетский,https://www.an-nks.ru/search?view=filter-search&type=0&prev_type=0&district=ВИЗ&prev_district=ВИЗ&prev_stock=&price%5Bfrom%5D=690000&price%5Bto%5D=16700000&ploshchad%5Bfrom%5D=14.5&ploshchad%5Bto%5D=143.6
52,3,6767560,76.04,Верх-Исетский,https://www.an-nks.ru/search?view=filter-search&type=0&prev_type=0&district=ВИЗ&prev_district=ВИЗ&prev_stock=&price%5Bfrom%5D=690000&price%5Bto%5D=16700000&ploshchad%5Bfrom%5D=14.5&ploshchad%5Bto%5D=143.6
53,3,7022785,75.11,Верх-Исетский,https://www.an-nks.ru/search?view=filter-search&type=0&prev_type=0&district=ВИЗ&prev_district=ВИЗ&prev_stock=&price%5Bfrom%5D=690000&price%5Bto%5D=16700000&ploshchad%5Bfrom%5D=14.5&ploshchad%5Bto%5D=143.6
54,3,14800000,123,Верх-Исетский,https://www.an-nks.ru/search?view=filter-search&type=0&prev_type=0&district=ВИЗ&prev_district=ВИЗ&prev_stock=&price%5Bfrom%5D=690000&price%5Bto%5D=16700000&ploshchad%5Bfrom%5D=14.5&ploshchad%5Bto%5D=143.6
55,3,16700000,140.5,Верх-Исетский,https://www.an-nks.ru/search?view=filter-search&type=0&prev_type=0&district=ВИЗ&prev_district=ВИЗ&prev_stock=&price%5Bfrom%5D=690000&price%5Bto%5D=16700000&ploshchad%5Bfrom%5D=14.5&ploshchad%5Bto%5D=143.6
56,1,7130396,40.65,Ленинский,https://catalog.vysotadom.ru/?roistat_visit=500854&page=2
57,1,7200000,40.65,Ленинский,https://catalog.vysotadom.ru/?roistat_visit=500854&page=2
58,1,7312049,40.65,Ленинский,https://catalog.vysotadom.ru/?roistat_visit=500854&page=2
59,1,7360000,40.65,Ленинский,https://catalog.vysotadom.ru/?roistat_visit=500854&page=2
60,1,7554550,40.62,Ленинский,https://catalog.vysotadom.ru/?roistat_visit=500854&page=2
61,1,7687112,40.37,Ленинский,https://catalog.vysotadom.ru/?roistat_visit=500854&page=2
62,1,7796626,40.34,Ленинский,https://catalog.vysotadom.ru/?roistat_visit=500854&page=2
63,1,8095498,45.63,Ленинский,https://catalog.vysotadom.ru/?roistat_visit=500854&page=2
64,1,8440247,45.63,Ленинский,https://catalog.vysotadom.ru/?roistat_visit=500854&page=2
65,2,9780757,60.77,Ленинский,https://catalog.vysotadom.ru/?roistat_visit=500854&page=2
66,2,10470696,68.60,Ленинский,https://catalog.vysotadom.ru/?roistat_visit=500854&page=2
67,2,11285783,66.97,Ленинский,https://catalog.vysotadom.ru/?roistat_visit=500854&page=2
68,3,13504724,82.61,Ленинский,https://catalog.vysotadom.ru/?roistat_visit=500854&page=2
69,3,14847388,102.35,Ленинский,https://catalog.vysotadom.ru/?roistat_visit=500854&page=2
70,1,5336940,42.4,Октябрьский,https://www.pik.ru/search/ekb/ip
71,2,6091630,56.4,Октябрьский,https://www.pik.ru/search/ekb/ip
72,1,4452836,33.3,Октябрьский,https://www.pik.ru/search/ekb/ip
73,1,5243223,39,Октябрьский,https://www.pik.ru/search/ekb/ip
74,3,8086922,73.4,Октябрьский,https://www.pik.ru/search/ekb/ip
75,3,8141256,92,Октябрьский,https://www.pik.ru/search/ekb/ip
76,2,7378801,60,Октябрьский,https://www.pik.ru/search/ekb/ip
77,2,5615571,52.8,Октябрьский,https://www.pik.ru/search/ekb/ip
78,1,5046207,36.2,Октябрьский,https://www.pik.ru/search/ekb/ip
79,3,7897444,73.4,Октябрьский,https://www.pik.ru/search/ekb/ip
80,2,5940213,56.4,Октябрьский,https://www.pik.ru/search/ekb/ip
81,3,9454902,92.8,Октябрьский,https://www.pik.ru/search/ekb/ip
82,3,9309953,92,Октябрьский,https://www.pik.ru/search/ekb/ip
83,Ст,3104589,19.6,Октябрьский,https://www.pik.ru/search/ekb/ip
84,3,8011131,73.4,Октябрьский,https://www.pik.ru/search/ekb/ip
85,1,4886385,39.8,Октябрьский,https://www.pik.ru/search/ekb/ip
86,2,5761784,55.8,Октябрьский,https://www.pik.ru/search/ekb/ip
87,Ст,3084351,19.6,Октябрьский,https://www.pik.ru/search/ekb/ip
88,2,6142598,52,Октябрьский,https://www.pik.ru/search/ekb/ip
89,Ст,3096494,19.6,Октябрьский,https://www.pik.ru/search/ekb/ip
90,2,6804378,68.5,Октябрьский,https://www.pik.ru/search/ekb/ip
91,1,4890515,40.9,Октябрьский,https://www.pik.ru/search/ekb/ip
92,1,5206980,39,Октябрьский,https://www.pik.ru/search/ekb/ip
93,2,5275599,56.4,Октябрьский,https://www.pik.ru/search/ekb/ip
94,2,6226444,60,Октябрьский,https://www.pik.ru/search/ekb/ip
95,1,5457628,39.8,Октябрьский,https://www.pik.ru/search/ekb/ip
96,2,5949589,56.6,Октябрьский,https://www.pik.ru/search/ekb/ip
97,1,4641953,33.3,Октябрьский,https://www.pik.ru/search/ekb/ip
98,1,5409974,40.9,Октябрьский,https://www.pik.ru/search/ekb/ip
99,1,5395983,39.8,Октябрьский,https://www.pik.ru/search/ekb/ip
100,3,7988393,73.4,Октябрьский,https://www.pik.ru/search/ekb/ip
101,Ст,3026534,19.6,Октябрьский,https://www.pik.ru/search/ekb/ip
102,1,4700655,34.1,Октябрьский,https://www.pik.ru/search/ekb/ip
103,2,5561051,52.8,Октябрьский,https://www.pik.ru/search/ekb/ip
104,3,9715079,92.8,Октябрьский,https://www.pik.ru/search/ekb/ip
105,2,7279673,60,Октябрьский,https://www.pik.ru/search/ekb/ip
106,1,4986689,42.4,Октябрьский,https://www.pik.ru/search/ekb/ip
107,1,5255304,39,Октябрьский,https://www.pik.ru/search/ekb/ip
108,1,5341318,42.4,Октябрьский,https://www.pik.ru/search/ekb/ip
109,3,7018266,73.4,Октябрьский,https://www.pik.ru/search/ekb/ip
110,2,6319376,60,Октябрьский,https://www.pik.ru/search/ekb/ip
111,2,5223783,56.6,Октябрьский,https://www.pik.ru/search/ekb/ip
112,1,4276544,34.2,Октябрьский,https://www.pik.ru/search/ekb/ip
113,3,6866683,73.4,Октябрьский,https://www.pik.ru/search/ekb/ip
114,2,7347823,60,Октябрьский,https://www.pik.ru/search/ekb/ip
115,2,5319892,53.5,Октябрьский,https://www.pik.ru/search/ekb/ip
116,1,4525292,35.4,Октябрьский,https://www.pik.ru/search/ekb/ip
117,Ст,3096494,19.6,Октябрьский,https://www.pik.ru/search/ekb/ip
118,2,5928147,56.4,Октябрьский,https://www.pik.ru/search/ekb/ip
119,Ст,3045898,19.6,Октябрьский,https://www.pik.ru/search/ekb/ip
120,1,4676152,36.2,Октябрьский,https://www.pik.ru/search/ekb/ip
121,3,8141256,92,Октябрьский,https://www.pik.ru/search/ekb/ip
122,3,8124817,73.4,Октябрьский,https://www.pik.ru/search/ekb/ip
123,2,6164489,60,Октябрьский,https://www.pik.ru/search/ekb/ip
124,Ст,3088398,19.6,Октябрьский,https://www.pik.ru/search/ekb/ip
125,3,8217904,92.8,Октябрьский,https://www.pik.ru/search/ekb/ip
126,3,6790892,73.4,Октябрьский,https://www.pik.ru/search/ekb/ip
127,2,6752811,55.8,Октябрьский,https://www.pik.ru/search/ekb/ip
128,1,4539640,42.4,Октябрьский,https://www.pik.ru/search/ekb/ip
129,2,5420100,60,Октябрьский,https://www.pik.ru/search/ekb/ip
130,1,4938530,42.4,Октябрьский,https://www.pik.ru/search/ekb/ip
131,Ст,3290288,20.4,Октябрьский,https://www.pik.ru/search/ekb/ip
132,1,4098129,36.2,Октябрьский,https://www.pik.ru/search/ekb/ip
133,1,4827167,40.9,Октябрьский,https://www.pik.ru/search/ekb/ip
134,1,4995446,42.4,Октябрьский,https://www.pik.ru/search/ekb/ip
135,Ст,3331261,19.6,Октябрьский,https://www.pik.ru/search/ekb/ip
136,Ст,2937569,19.6,Октябрьский,https://www.pik.ru/search/ekb/ip
137,2,5837794,56.4,Октябрьский,https://www.pik.ru/search/ekb/ip
138,2,6386640,60,Октябрьский,https://www.pik.ru/search/ekb/ip
139,1,4704176,34.1,Октябрьский,https://www.pik.ru/search/ekb/ip
140,2,6906954,56.4,Октябрьский,https://www.pik.ru/search/ekb/ip
141,Ст,3104589,19.6,Октябрьский,https://www.pik.ru/search/ekb/ip
142,2,6247800,60,Октябрьский,https://www.pik.ru/search/ekb/ip
143,2,7223914,60,Октябрьский,https://www.pik.ru/search/ekb/ip
144,3,8451608,92.8,Октябрьский,https://www.pik.ru/search/ekb/ip
145,3,9223975,92,Октябрьский,https://www.pik.ru/search/ekb/ip
146,Ст,3654705,20.4,Октябрьский,https://www.pik.ru/search/ekb/ip
147,2,7378801,60,Октябрьский,https://www.pik.ru/search/ekb/ip
148,2,6651453,52.8,Октябрьский,https://www.pik.ru/search/ekb/ip
149,3,9660876,92.8,Октябрьский,https://www.pik.ru/search/ekb/ip
150,Ст,3543765,19.6,Октябрьский,https://www.pik.ru/search/ekb/ip
151,2,5250501,56.4,Октябрьский,https://www.pik.ru/search/ekb/ip
152,1,5106737,41.7,Октябрьский,https://www.pik.ru/search/ekb/ip
153,Ст,3778986,20.4,Октябрьский,https://www.pik.ru/search/ekb/ip
154,2,6350353,60,Октябрьский,https://www.pik.ru/search/ekb/ip
155,2,6319376,60,Октябрьский,https://www.pik.ru/search/ekb/ip
156,2,6400330,52,Октябрьский,https://www.pik.ru/search/ekb/ip
157,2,6257421,60,Октябрьский,https://www.pik.ru/search/ekb/ip
158,3,9823487,92.8,Октябрьский,https://www.pik.ru/search/ekb/ip
159,3,6937621,73.4,Октябрьский,https://www.pik.ru/search/ekb/ip
160,1,4885993,42.4,Октябрьский,https://www.pik.ru/search/ekb/ip
161,3,8124817,73.4,Октябрьский,https://www.pik.ru/search/ekb/ip
162,3,9266964,92,Октябрьский,https://www.pik.ru/search/ekb/ip
163,2,5509009,52,Октябрьский,https://www.pik.ru/search/ekb/ip
164,1,4487221,33.3,Октябрьский,https://www.pik.ru/search/ekb/ip
165,3,8160089,92.8,Октябрьский,https://www.pik.ru/search/ekb/ip
166,Ст,3106613,19.6,Октябрьский,https://www.pik.ru/search/ekb/ip
167,3,9116502,92,Октябрьский,https://www.pik.ru/search/ekb/ip
168,1,4694794,41.7,Октябрьский,https://www.pik.ru/search/ekb/ip
169,2,6400330,52,Октябрьский,https://www.pik.ru/search/ekb/ip
170,1,4401590,34.6,Железнодорожный,https://www.pik.ru/search/ekb/kosmonavtov11
171,Ст,3156568,23.2,Железнодорожный,https://www.pik.ru/search/ekb/kosmonavtov11
172,Ст,3528690,23.2,Железнодорожный,https://www.pik.ru/search/ekb/kosmonavtov11
173,2,5909752,60.5,Железнодорожный,https://www.pik.ru/search/ekb/kosmonavtov11
174,1,5045330,39.5,Железнодорожный,https://www.pik.ru/search/ekb/kosmonavtov11
175,2,5568654,61.1,Железнодорожный,https://www.pik.ru/search/ekb/kosmonavtov11
176,2,5907439,58.2,Железнодорожный,https://www.pik.ru/search/ekb/kosmonavtov11
177,1,4369435,34.6,Железнодорожный,https://www.pik.ru/search/ekb/kosmonavtov11
178,2,5966415,65.8,Железнодорожный,https://www.pik.ru/search/ekb/kosmonavtov11
179,2,5614166,53.2,Железнодорожный,https://www.pik.ru/search/ekb/kosmonavtov11
180,2,6910888,69.5,Железнодорожный,https://www.pik.ru/search/ekb/kosmonavtov11
181,2,5561939,50.2,Железнодорожный,https://www.pik.ru/search/ekb/kosmonavtov11
182,1,4846496,36.3,Железнодорожный,https://www.pik.ru/search/ekb/kosmonavtov11
183,2,5746006,53.2,Железнодорожный,https://www.pik.ru/search/ekb/kosmonavtov11
184,2,5617014,59.8,Железнодорожный,https://www.pik.ru/search/ekb/kosmonavtov11
185,3,7733326,87.8,Железнодорожный,https://www.pik.ru/search/ekb/kosmonavtov11
186,2,5614166,53.2,Железнодорожный,https://www.pik.ru/search/ekb/kosmonavtov11
187,1,4351572,34.6,Железнодорожный,https://www.pik.ru/search/ekb/kosmonavtov11
188,2,5389160,53.2,Железнодорожный,https://www.pik.ru/search/ekb/kosmonavtov11
189,2,4986064,50.2,Железнодорожный,https://www.pik.ru/search/ekb/kosmonavtov11
190,2,6684413,66.6,Железнодорожный,https://www.pik.ru/search/ekb/kosmonavtov11
191,1,4518405,39.5,Железнодорожный,https://www.pik.ru/search/ekb/kosmonavtov11
192,2,6180520,59.6,Железнодорожный,https://www.pik.ru/search/ekb/kosmonavtov11
193,2,6134833,56.8,Железнодорожный,https://www.pik.ru/search/ekb/kosmonavtov11
194,3,6624492,84.9,Железнодорожный,https://www.pik.ru/search/ekb/kosmonavtov11
195,2,5471617,56.9,Железнодорожный,https://www.pik.ru/search/ekb/kosmonavtov11
196,2,5937487,58.2,Железнодорожный,https://www.pik.ru/search/ekb/kosmonavtov11
197,2,5559233,53.2,Железнодорожный,https://www.pik.ru/search/ekb/kosmonavtov11
198,3,7538478,88.6,Железнодорожный,https://www.pik.ru/search/ekb/kosmonavtov11
199,Ст,3480778,23.2,Железнодорожный,https://www.pik.ru/search/ekb/kosmonavtov11
200,2,5338581,53.3,Железнодорожный,https://www.pik.ru/search/ekb/kosmonavtov11
201,2,5982456,53.3,Железнодорожный,https://www.pik.ru/search/ekb/kosmonavtov11
202,2,5531767,53.2,Железнодорожный,https://www.pik.ru/search/ekb/kosmonavtov11
203,1,5061448,41.4,Железнодорожный,https://www.pik.ru/search/ekb/kosmonavtov11
204,1,5078548,41.4,Железнодорожный,https://www.pik.ru/search/ekb/kosmonavtov11
205,1,4578573,33.9,Железнодорожный,https://www.pik.ru/search/ekb/kosmonavtov11
206,2,5724033,53.2,Железнодорожный,https://www.pik.ru/search/ekb/kosmonavtov11
207,1,4405162,34.6,Железнодорожный,https://www.pik.ru/search/ekb/kosmonavtov11
208,3,7787722,87.8,Железнодорожный,https://www.pik.ru/search/ekb/kosmonavtov11
209,2,6022200,60.5,Железнодорожный,https://www.pik.ru/search/ekb/kosmonavtov11
210,2,5909752,60.5,Железнодорожный,https://www.pik.ru/search/ekb/kosmonavtov11
211,3,8210904,83.6,Железнодорожный,https://www.pik.ru/search/ekb/kosmonavtov11
212,1,4957260,40.7,Железнодорожный,https://www.pik.ru/search/ekb/kosmonavtov11
213,1,4073734,34.6,Железнодорожный,https://www.pik.ru/search/ekb/kosmonavtov11
214,1,4056548,32.6,Железнодорожный,https://www.pik.ru/search/ekb/kosmonavtov11
215,2,5934740,60.5,Железнодорожный,https://www.pik.ru/search/ekb/kosmonavtov11
216,2,5410440,53.2,Железнодорожный,https://www.pik.ru/search/ekb/kosmonavtov11
217,1,4530166,33.8,Железнодорожный,https://www.pik.ru/search/ekb/kosmonavtov11
218,2,6009974,53.3,Железнодорожный,https://www.pik.ru/search/ekb/kosmonavtov11
219,2,6321668,61.1,Железнодорожный,https://www.pik.ru/search/ekb/kosmonavtov11
220,2,6092756,56.9,Железнодорожный,https://www.pik.ru/search/ekb/kosmonavtov11
221,2,5751499,53.2,Железнодорожный,https://www.pik.ru/search/ekb/kosmonavtov11
222,2,6021489,65.8,Железнодорожный,https://www.pik.ru/search/ekb/kosmonavtov11
223,3,7273664,85.8,Железнодорожный,https://www.pik.ru/search/ekb/kosmonavtov11
224,3,7575073,88.6,Железнодорожный,https://www.pik.ru/search/ekb/kosmonavtov11
225,3,7131911,85.8,Железнодорожный,https://www.pik.ru/search/ekb/kosmonavtov11
226,Ст,3504734,23.2,Железнодорожный,https://www.pik.ru/search/ekb/kosmonavtov11
227,3,7193928,85.8,Железнодорожный,https://www.pik.ru/search/ekb/kosmonavtov11
228,1,4724745,36.2,Железнодорожный,https://www.pik.ru/search/ekb/kosmonavtov11
229,2,5561939,50.2,Железнодорожный,https://www.pik.ru/search/ekb/kosmonavtov11
230,1,4562487,39.5,Железнодорожный,https://www.pik.ru/search/ekb/kosmonavtov11
231,Ст,3460044,23.4,Железнодорожный,https://www.pik.ru/search/ekb/kosmonavtov11
232,3,6769116,87.8,Железнодорожный,https://www.pik.ru/search/ekb/kosmonavtov11
233,1,4756363,36.5,Железнодорожный,https://www.pik.ru/search/ekb/kosmonavtov11
234,2,6122133,56.9,Железнодорожный,https://www.pik.ru/search/ekb/kosmonavtov11
235,1,4487335,34.6,Железнодорожный,https://www.pik.ru/search/ekb/kosmonavtov11
236,3,7697062,87.8,Железнодорожный,https://www.pik.ru/search/ekb/kosmonavtov11
237,1,4285681,36.2,Железнодорожный,https://www.pik.ru/search/ekb/kosmonavtov11
238,Ст,3511921,23.2,Железнодорожный,https://www.pik.ru/search/ekb/kosmonavtov11
239,1,4997325,41.4,Железнодорожный,https://www.pik.ru/search/ekb/kosmonavtov11
240,2,5354010,57,Железнодорожный,https://www.pik.ru/search/ekb/kosmonavtov11
241,3,7606401,87.8,Железнодорожный,https://www.pik.ru/search/ekb/kosmonavtov11
242,2,5155399,53.2,Железнодорожный,https://www.pik.ru/search/ekb/kosmonavtov11
243,1,4683628,35.8,Железнодорожный,https://www.pik.ru/search/ekb/kosmonavtov11
244,1,4333708,34.6,Железнодорожный,https://www.pik.ru/search/ekb/kosmonavtov11
245,Ст,3540668,23.2,Железнодорожный,https://www.pik.ru/search/ekb/kosmonavtov11
246,1,5065723,39.5,Железнодорожный,https://www.pik.ru/search/ekb/kosmonavtov11
247,1,5016779,39.5,Железнодорожный,https://www.pik.ru/search/ekb/kosmonavtov11
248,2,5581206,53.2,Железнодорожный,https://www.pik.ru/search/ekb/kosmonavtov11
249,2,6182869,61.1,Железнодорожный,https://www.pik.ru/search/ekb/kosmonavtov11
250,1,4387299,34.6,Железнодорожный,https://www.pik.ru/search/ekb/kosmonavtov11
251,2,5437978,50.3,Железнодорожный,https://www.pik.ru/search/ekb/kosmonavtov11
252,1,4763900,36.5,Железнодорожный,https://www.pik.ru/search/ekb/kosmonavtov11
253,2,6126088,61.1,Железнодорожный,https://www.pik.ru/search/ekb/kosmonavtov11
254,2,5940988,60.5,Железнодорожный,https://www.pik.ru/search/ekb/kosmonavtov11
255,2,6310083,63,Железнодорожный,https://www.pik.ru/search/ekb/kosmonavtov11
256,3,7149630,85.8,Железнодорожный,https://www.pik.ru/search/ekb/kosmonavtov11
257,1,4636140,34.3,Железнодорожный,https://www.pik.ru/search/ekb/kosmonavtov11
258,1,4795766,36.2,Железнодорожный,https://www.pik.ru/search/ekb/kosmonavtov11
259,2,6034694,60.5,Железнодорожный,https://www.pik.ru/search/ekb/kosmonavtov11
260,Ст,3360978,21.4,Железнодорожный,https://www.pik.ru/search/ekb/kosmonavtov11
261,2,6237277,69.5,Железнодорожный,https://www.pik.ru/search/ekb/kosmonavtov11
262,Ст,3370024,21.5,Железнодорожный,https://www.pik.ru/search/ekb/kosmonavtov11
263,2,5716393,61.1,Железнодорожный,https://www.pik.ru/search/ekb/kosmonavtov11
264,3,7474438,88.6,Железнодорожный,https://www.pik.ru/search/ekb/kosmonavtov11
265,1,4885228,37.4,Железнодорожный,https://www.pik.ru/search/ekb/kosmonavtov11
266,2,6192637,56.9,Железнодорожный,https://www.pik.ru/search/ekb/kosmonavtov11
267,1,5001414,37.9,Железнодорожный,https://www.pik.ru/search/ekb/kosmonavtov11
268,2,7205100,51.10,Ленинский,https://surikov-dom.ru/#/macrocatalog/houses/1538926/plans?studio=null&category=flat&activity=sell&presMode=complex
269,2,7283600,52.40,Ленинский,https://surikov-dom.ru/#/macrocatalog/houses/1538926/plans?studio=null&category=flat&activity=sell&presMode=complex
270,2,7438500,55.10,Ленинский,https://surikov-dom.ru/#/macrocatalog/houses/1538926/plans?studio=null&category=flat&activity=sell&presMode=complex
271,2,7576100,55.30,Ленинский,https://surikov-dom.ru/#/macrocatalog/houses/1538926/plans?studio=null&category=flat&activity=sell&presMode=complex
272,2,7833700,58.90,Ленинский,https://surikov-dom.ru/#/macrocatalog/houses/1538926/plans?studio=null&category=flat&activity=sell&presMode=complex
273,3,8219400,61.80,Ленинский,https://surikov-dom.ru/#/macrocatalog/houses/1538926/plans?studio=null&category=flat&activity=sell&presMode=complex
274,3,9404100,77.40,Ленинский,https://surikov-dom.ru/#/macrocatalog/houses/1538926/plans?studio=null&category=flat&activity=sell&presMode=complex
275,1,5571800,42.86,Верх-Исетский,https://жктихомиров.рф/flat/search-parameters
276,1,5614700,43.19,Верх-Исетский,https://жктихомиров.рф/flat/search-parameters
277,1,5623500,40.75,Верх-Исетский,https://жктихомиров.рф/flat/search-parameters
278,1,5653560,42.83,Верх-Исетский,https://жктихомиров.рф/flat/search-parameters
279,1,5712200,43.94,Верх-Исетский,https://жктихомиров.рф/flat/search-parameters
280,1,5739220,42.83,Верх-Исетский,https://жктихомиров.рф/flat/search-parameters
281,1,5743240,42.86,Верх-Исетский,https://жктихомиров.рф/flat/search-parameters
282,1,5746320,41.64,Верх-Исетский,https://жктихомиров.рф/flat/search-parameters
283,1,5786500,40.75,Верх-Исетский,https://жктихомиров.рф/flat/search-parameters
284,1,5787460,43.19,Верх-Исетский,https://жктихомиров.рф/flat/search-parameters
285,1,5901320,40.42,Верх-Исетский,https://жктихомиров.рф/flat/search-parameters
286,1,5912880,41.64,Верх-Исетский,https://жктихомиров.рф/flat/search-parameters
287,1,5966840,42.02,Верх-Исетский,https://жктихомиров.рф/flat/search-parameters
288,1,6008600,46.22,Верх-Исетский,https://жктихомиров.рф/flat/search-parameters
289,1,6037100,41.35,Верх-Исетский,https://жктихомиров.рф/flat/search-parameters
290,1,6107180,41.83,Верх-Исетский,https://жктихомиров.рф/flat/search-parameters
291,1,6223680,43.22,Верх-Исетский,https://жктихомиров.рф/flat/search-parameters
292,1,6558500,50.45,Верх-Исетский,https://жктихомиров.рф/flat/search-parameters
293,1,6656000,51.2,Верх-Исетский,https://жктихомиров.рф/flat/search-parameters
294,1,6709850,50.45,Верх-Исетский,https://жктихомиров.рф/flat/search-parameters
295,1,6809600,51.2,Верх-Исетский,https://жктихомиров.рф/flat/search-parameters
296,2,7356900,53.7,Верх-Исетский,https://жктихомиров.рф/flat/search-parameters
297,2,7465130,54.49,Верх-Исетский,https://жктихомиров.рф/flat/search-parameters
298,2,7581570,53.77,Верх-Исетский,https://жктихомиров.рф/flat/search-parameters
299,2,7660900,58.93,Верх-Исетский,https://жктихомиров.рф/flat/search-parameters
300,2,7692960,54.56,Верх-Исетский,https://жктихомиров.рф/flat/search-parameters
301,2,7769100,53.58,Верх-Исетский,https://жктихомиров.рф/flat/search-parameters
302,2,7883650,54.37,Верх-Исетский,https://жктихомиров.рф/flat/search-parameters
303,2,7896620,58.93,Верх-Исетский,https://жктихомиров.рф/flat/search-parameters
304,2,7940520,57.54,Верх-Исетский,https://жктихомиров.рф/flat/search-parameters
305,2,8078200,62.14,Верх-Исетский,https://жктихомиров.рф/flat/search-parameters
306,2,8170680,57.54,Верх-Исетский,https://жктихомиров.рф/flat/search-parameters
307,2,8202480,62.14,Верх-Исетский,https://жктихомиров.рф/flat/search-parameters
308,2,8206900,63.13,Верх-Исетский,https://жктихомиров.рф/flat/search-parameters
309,2,8326760,62.14,Верх-Исетский,https://жктихомиров.рф/flat/search-parameters
310,2,8459420,63.13,Верх-Исетский,https://жктихомиров.рф/flat/search-parameters
311,2,8586500,66.05,Верх-Исетский,https://жктихомиров.рф/flat/search-parameters
312,2,8684340,62.93,Верх-Исетский,https://жктихомиров.рф/flat/search-parameters
313,2,8718600,66.05,Верх-Исетский,https://жктихомиров.рф/flat/search-parameters
314,2,8850700,66.05,Верх-Исетский,https://жктихомиров.рф/flat/search-parameters
315,2,8936060,62.93,Верх-Исетский,https://жктихомиров.рф/flat/search-parameters
316,2,9187780,62.63,Верх-Исетский,https://жктихомиров.рф/flat/search-parameters
317,3,10433800,80.26,Верх-Исетский,https://жктихомиров.рф/flat/search-parameters
318,3,10754840,80.26,Верх-Исетский,https://жктихомиров.рф/flat/search-parameters
319,3,10764400,79.15,Верх-Исетский,https://жктихомиров.рф/flat/search-parameters
320,3,11081000,79.15,Верх-Исетский,https://жктихомиров.рф/flat/search-parameters
321,3,11325600,78.65,Верх-Исетский,https://жктихомиров.рф/flat/search-parameters
322,3,12638600,97.22,Верх-Исетский,https://жктихомиров.рф/flat/search-parameters
323,3,12638600,97.22,Верх-Исетский,https://жктихомиров.рф/flat/search-parameters
324,3,13124700,97.22,Верх-Исетский,https://жктихомиров.рф/flat/search-parameters
325,Ст,2418200,22.6,Чкаловский,https://fortis-development.ru/flats?result_mode=0&complex_visual_mode=0&property_visual_mode=1&is_free=1&complex=4
326,2,4333500,40.5,Чкаловский,https://fortis-development.ru/flats?result_mode=0&complex_visual_mode=0&property_visual_mode=1&is_free=1&complex=4
327,1,3729000,33.9,Чкаловский,https://fortis-development.ru/flats?result_mode=0&complex_visual_mode=0&property_visual_mode=1&is_free=1&complex=4
328,2,4455000,40.5,Чкаловский,https://fortis-development.ru/flats?result_mode=0&complex_visual_mode=0&property_visual_mode=1&is_free=1&complex=4
329,1,4097350,36.1,Чкаловский,https://fortis-development.ru/flats?result_mode=0&complex_visual_mode=0&property_visual_mode=1&is_free=1&complex=4
330,Ст,2598400,22.4,Чкаловский,https://fortis-development.ru/flats?result_mode=0&complex_visual_mode=0&property_visual_mode=1&is_free=1&complex=4
331,Ст,2621600,22.6,Чкаловский,https://fortis-development.ru/flats?result_mode=0&complex_visual_mode=0&property_visual_mode=1&is_free=1&complex=4
332,1,3886000,33.5,Чкаловский,https://fortis-development.ru/flats?result_mode=0&complex_visual_mode=0&property_visual_mode=1&is_free=1&complex=4
333,Ст,2610300,23.1,Чкаловский,https://fortis-development.ru/flats?result_mode=0&complex_visual_mode=0&property_visual_mode=1&is_free=1&complex=4
334,Ст,2679600,23.1,Чкаловский,https://fortis-development.ru/flats?result_mode=0&complex_visual_mode=0&property_visual_mode=1&is_free=1&complex=4
335,2,4460800,41,Чкаловский,https://fortis-development.ru/flats?result_mode=0&complex_visual_mode=0&property_visual_mode=1&is_free=1&complex=4
336,Ст,2674980,23.1,Чкаловский,https://fortis-development.ru/flats?result_mode=0&complex_visual_mode=0&property_visual_mode=1&is_free=1&complex=4
337,Ст,2733120,23.4,Чкаловский,https://fortis-development.ru/flats?result_mode=0&complex_visual_mode=0&property_visual_mode=1&is_free=1&complex=4
338,Ст,2885400,25.2,Чкаловский,https://fortis-development.ru/flats?result_mode=0&complex_visual_mode=0&property_visual_mode=1&is_free=1&complex=4
339,Ст,2733120,23.4,Чкаловский,https://fortis-development.ru/flats?result_mode=0&complex_visual_mode=0&property_visual_mode=1&is_free=1&complex=4
340,Ст,2721440,23.3,Чкаловский,https://fortis-development.ru/flats?result_mode=0&complex_visual_mode=0&property_visual_mode=1&is_free=1&complex=4
341,2,4501800,41,Чкаловский,https://fortis-development.ru/flats?result_mode=0&complex_visual_mode=0&property_visual_mode=1&is_free=1&complex=4
342,Ст,2698080,23.1,Чкаловский,https://fortis-development.ru/flats?result_mode=0&complex_visual_mode=0&property_visual_mode=1&is_free=1&complex=4
343,Ст,2923200,25.2,Чкаловский,https://fortis-development.ru/flats?result_mode=0&complex_visual_mode=0&property_visual_mode=1&is_free=1&complex=4
344,Ст,2580600,25.3,Чкаловский,https://fortis-development.ru/flats?result_mode=0&complex_visual_mode=0&property_visual_mode=1&is_free=1&complex=4
345,Ст,2876400,28.2,Чкаловский,https://fortis-development.ru/flats?result_mode=0&complex_visual_mode=0&property_visual_mode=1&is_free=1&complex=4
346,Ст,2907000,28.5,Чкаловский,https://fortis-development.ru/flats?result_mode=0&complex_visual_mode=0&property_visual_mode=1&is_free=1&complex=4
347,1,4090200,40.1,Чкаловский,https://fortis-development.ru/flats?result_mode=0&complex_visual_mode=0&property_visual_mode=1&is_free=1&complex=4
348,Ст,2621400,25.7,Чкаловский,https://fortis-development.ru/flats?result_mode=0&complex_visual_mode=0&property_visual_mode=1&is_free=1&complex=4
349,1,3959000,37,Чкаловский,https://fortis-development.ru/flats?result_mode=0&complex_visual_mode=0&property_visual_mode=1&is_free=1&complex=4
350,Ст,2583300,23.7,Чкаловский,https://fortis-development.ru/flats?result_mode=0&complex_visual_mode=0&property_visual_mode=1&is_free=1&complex=4
351,Ст,2528800,23.2,Чкаловский,https://fortis-development.ru/flats?result_mode=0&complex_visual_mode=0&property_visual_mode=1&is_free=1&complex=4
352,1,3826600,36.1,Чкаловский,https://fortis-development.ru/flats?result_mode=0&complex_visual_mode=0&property_visual_mode=1&is_free=1&complex=4
353,2,5023200,48.3,Чкаловский,https://fortis-development.ru/flats?result_mode=0&complex_visual_mode=0&property_visual_mode=1&is_free=1&complex=4
354,1,3755700,35.1,Чкаловский,https://fortis-development.ru/flats?result_mode=0&complex_visual_mode=0&property_visual_mode=1&is_free=1&complex=4
355,Ст,2640000,24,Чкаловский,https://fortis-development.ru/flats?result_mode=0&complex_visual_mode=0&property_visual_mode=1&is_free=1&complex=4
356,Ст,2552000,23.2,Чкаловский,https://fortis-development.ru/flats?result_mode=0&complex_visual_mode=0&property_visual_mode=1&is_free=1&complex=4
357,Ст,2921200,26.8,Чкаловский,https://fortis-development.ru/flats?result_mode=0&complex_visual_mode=0&property_visual_mode=1&is_free=1&complex=4
358,1,3790800,35.1,Чкаловский,https://fortis-development.ru/flats?result_mode=0&complex_visual_mode=0&property_visual_mode=1&is_free=1&complex=4
359,1,3960000,36,Чкаловский,https://fortis-development.ru/flats?result_mode=0&complex_visual_mode=0&property_visual_mode=1&is_free=1&complex=4
360,Ст,2654400,23.7,Чкаловский,https://fortis-development.ru/flats?result_mode=0&complex_visual_mode=0&property_visual_mode=1&is_free=1&complex=4
361,Ст,2598400,23.2,Чкаловский,https://fortis-development.ru/flats?result_mode=0&complex_visual_mode=0&property_visual_mode=1&is_free=1&complex=4
362,Ст,2598400,23.2,Чкаловский,https://fortis-development.ru/flats?result_mode=0&complex_visual_mode=0&property_visual_mode=1&is_free=1&complex=4
363,Ст,2941500,26.5,Чкаловский,https://fortis-development.ru/flats?result_mode=0&complex_visual_mode=0&property_visual_mode=1&is_free=1&complex=4
364,Ст,2974800,26.8,Чкаловский,https://fortis-development.ru/flats?result_mode=0&complex_visual_mode=0&property_visual_mode=1&is_free=1&complex=4
365,1,3934900,36.1,Чкаловский,https://fortis-development.ru/flats?result_mode=0&complex_visual_mode=0&property_visual_mode=1&is_free=1&complex=4
366,1,3861000,35.1,Чкаловский,https://fortis-development.ru/flats?result_mode=0&complex_visual_mode=0&property_visual_mode=1&is_free=1&complex=4
367,Ст,2620800,23.4,Чкаловский,https://fortis-development.ru/flats?result_mode=0&complex_visual_mode=0&property_visual_mode=1&is_free=1&complex=4
368,Ст,2587200,23.1,Чкаловский,https://fortis-development.ru/flats?result_mode=0&complex_visual_mode=0&property_visual_mode=1&is_free=1&complex=4
369,1,4107000,37,Чкаловский,https://fortis-development.ru/flats?result_mode=0&complex_visual_mode=0&property_visual_mode=1&is_free=1&complex=4
370,Ст,2712000,24,Чкаловский,https://fortis-development.ru/flats?result_mode=0&complex_visual_mode=0&property_visual_mode=1&is_free=1&complex=4
371,Ст,2678100,23.7,Чкаловский,https://fortis-development.ru/flats?result_mode=0&complex_visual_mode=0&property_visual_mode=1&is_free=1&complex=4
372,Ст,2621600,23.2,Чкаловский,https://fortis-development.ru/flats?result_mode=0&complex_visual_mode=0&property_visual_mode=1&is_free=1&complex=4
373,Ст,3001600,26.8,Чкаловский,https://fortis-development.ru/flats?result_mode=0&complex_visual_mode=0&property_visual_mode=1&is_free=1&complex=4
374,1,3971000,36.1,Чкаловский,https://fortis-development.ru/flats?result_mode=0&complex_visual_mode=0&property_visual_mode=1&is_free=1&complex=4
375,2,5216400,48.3,Чкаловский,https://fortis-development.ru/flats?result_mode=0&complex_visual_mode=0&property_visual_mode=1&is_free=1&complex=4
376,1,3896100,35.1,Чкаловский,https://fortis-development.ru/flats?result_mode=0&complex_visual_mode=0&property_visual_mode=1&is_free=1&complex=4
377,Ст,2644200,23.4,Чкаловский,https://fortis-development.ru/flats?result_mode=0&complex_visual_mode=0&property_visual_mode=1&is_free=1&complex=4
378,Ст,2610300,23.1,Чкаловский,https://fortis-development.ru/flats?result_mode=0&complex_visual_mode=0&property_visual_mode=1&is_free=1&complex=4
379,1,3996000,36,Чкаловский,https://fortis-development.ru/flats?result_mode=0&complex_visual_mode=0&property_visual_mode=1&is_free=1&complex=4
380,Ст,2678100,23.7,Чкаловский,https://fortis-development.ru/flats?result_mode=0&complex_visual_mode=0&property_visual_mode=1&is_free=1&complex=4
381,Ст,2621600,23.2,Чкаловский,https://fortis-development.ru/flats?result_mode=0&complex_visual_mode=0&property_visual_mode=1&is_free=1&complex=4
382,Ст,2621600,23.2,Чкаловский,https://fortis-development.ru/flats?result_mode=0&complex_visual_mode=0&property_visual_mode=1&is_free=1&complex=4
383,Ст,2968000,26.5,Чкаловский,https://fortis-development.ru/flats?result_mode=0&complex_visual_mode=0&property_visual_mode=1&is_free=1&complex=4
384,1,3971000,36.1,Чкаловский,https://fortis-development.ru/flats?result_mode=0&complex_visual_mode=0&property_visual_mode=1&is_free=1&complex=4
385,2,5216400,48.3,Чкаловский,https://fortis-development.ru/flats?result_mode=0&complex_visual_mode=0&property_visual_mode=1&is_free=1&complex=4
386,1,3896100,35.1,Чкаловский,https://fortis-development.ru/flats?result_mode=0&complex_visual_mode=0&property_visual_mode=1&is_free=1&complex=4
387,Ст,2644200,23.4,Чкаловский,https://fortis-development.ru/flats?result_mode=0&complex_visual_mode=0&property_visual_mode=1&is_free=1&complex=4
388,Ст,2712000,24,Чкаловский,https://fortis-development.ru/flats?result_mode=0&complex_visual_mode=0&property_visual_mode=1&is_free=1&complex=4
389,Ст,2621600,23.2,Чкаловский,https://fortis-development.ru/flats?result_mode=0&complex_visual_mode=0&property_visual_mode=1&is_free=1&complex=4
390,Ст,2968000,26.5,Чкаловский,https://fortis-development.ru/flats?result_mode=0&complex_visual_mode=0&property_visual_mode=1&is_free=1&complex=4
391,Ст,3001600,26.8,Чкаловский,https://fortis-development.ru/flats?result_mode=0&complex_visual_mode=0&property_visual_mode=1&is_free=1&complex=4
392,1,3971000,36.1,Чкаловский,https://fortis-development.ru/flats?result_mode=0&complex_visual_mode=0&property_visual_mode=1&is_free=1&complex=4
393,1,3896100,35.1,Чкаловский,https://fortis-development.ru/flats?result_mode=0&complex_visual_mode=0&property_visual_mode=1&is_free=1&complex=4
394,Ст,2712000,24,Чкаловский,https://fortis-development.ru/flats?result_mode=0&complex_visual_mode=0&property_visual_mode=1&is_free=1&complex=4
395,Ст,2678100,23.7,Чкаловский,https://fortis-development.ru/flats?result_mode=0&complex_visual_mode=0&property_visual_mode=1&is_free=1&complex=4
396,Ст,2621600,23.2,Чкаловский,https://fortis-development.ru/flats?result_mode=0&complex_visual_mode=0&property_visual_mode=1&is_free=1&complex=4
397,Ст,2621600,23.2,Чкаловский,https://fortis-development.ru/flats?result_mode=0&complex_visual_mode=0&property_visual_mode=1&is_free=1&complex=4
398,Ст,3001600,26.8,Чкаловский,https://fortis-development.ru/flats?result_mode=0&complex_visual_mode=0&property_visual_mode=1&is_free=1&complex=4
399,1,3971000,36.1,Чкаловский,https://fortis-development.ru/flats?result_mode=0&complex_visual_mode=0&property_visual_mode=1&is_free=1&complex=4
400,2,5216400,48.3,Чкаловский,https://fortis-development.ru/flats?result_mode=0&complex_visual_mode=0&property_visual_mode=1&is_free=1&complex=4
401,1,3896100,35.1,Чкаловский,https://fortis-development.ru/flats?result_mode=0&complex_visual_mode=0&property_visual_mode=1&is_free=1&complex=4
402,Ст,2644200,23.4,Чкаловский,https://fortis-development.ru/flats?result_mode=0&complex_visual_mode=0&property_visual_mode=1&is_free=1&complex=4
403,Ст,2712000,24,Чкаловский,https://fortis-development.ru/flats?result_mode=0&complex_visual_mode=0&property_visual_mode=1&is_free=1&complex=4
404,Ст,2621600,23.2,Чкаловский,https://fortis-development.ru/flats?result_mode=0&complex_visual_mode=0&property_visual_mode=1&is_free=1&complex=4
405,1,3896100,35.1,Чкаловский,https://fortis-development.ru/flats?result_mode=0&complex_visual_mode=0&property_visual_mode=1&is_free=1&complex=4
406,1,3996000,36,Чкаловский,https://fortis-development.ru/flats?result_mode=0&complex_visual_mode=0&property_visual_mode=1&is_free=1&complex=4
407,1,4107000,37,Чкаловский,https://fortis-development.ru/flats?result_mode=0&complex_visual_mode=0&property_visual_mode=1&is_free=1&complex=4
408,Ст,3001600,26.8,Чкаловский,https://fortis-development.ru/flats?result_mode=0&complex_visual_mode=0&property_visual_mode=1&is_free=1&complex=4
409,1,3971000,36.1,Чкаловский,https://fortis-development.ru/flats?result_mode=0&complex_visual_mode=0&property_visual_mode=1&is_free=1&complex=4
410,1,3896100,35.1,Чкаловский,https://fortis-development.ru/flats?result_mode=0&complex_visual_mode=0&property_visual_mode=1&is_free=1&complex=4
411,Ст,2512200,23.7,Чкаловский,https://fortis-development.ru/flats?result_mode=0&complex_visual_mode=0&property_visual_mode=1&is_free=1&complex=4
412,Ст,2459200,23.2,Чкаловский,https://fortis-development.ru/flats?result_mode=0&complex_visual_mode=0&property_visual_mode=1&is_free=1&complex=4
413,Ст,2782500,26.5,Чкаловский,https://fortis-development.ru/flats?result_mode=0&complex_visual_mode=0&property_visual_mode=1&is_free=1&complex=4
414,Ст,2814000,26.8,Чкаловский,https://fortis-development.ru/flats?result_mode=0&complex_visual_mode=0&property_visual_mode=1&is_free=1&complex=4
415,1,3650400,35.1,Чкаловский,https://fortis-development.ru/flats?result_mode=0&complex_visual_mode=0&property_visual_mode=1&is_free=1&complex=4
416,1,3780000,36,Чкаловский,https://fortis-development.ru/flats?result_mode=0&complex_visual_mode=0&property_visual_mode=1&is_free=1&complex=4
417,Ст,2568000,24,Чкаловский,https://fortis-development.ru/flats?result_mode=0&complex_visual_mode=0&property_visual_mode=1&is_free=1&complex=4
418,Ст,2535900,23.7,Чкаловский,https://fortis-development.ru/flats?result_mode=0&complex_visual_mode=0&property_visual_mode=1&is_free=1&complex=4
419,Ст,2482400,23.2,Чкаловский,https://fortis-development.ru/flats?result_mode=0&complex_visual_mode=0&property_visual_mode=1&is_free=1&complex=4
420,Ст,2482400,23.2,Чкаловский,https://fortis-development.ru/flats?result_mode=0&complex_visual_mode=0&property_visual_mode=1&is_free=1&complex=4
421,2,4926600,48.3,Чкаловский,https://fortis-development.ru/flats?result_mode=0&complex_visual_mode=0&property_visual_mode=1&is_free=1&complex=4
422,1,3685500,35.1,Чкаловский,https://fortis-development.ru/flats?result_mode=0&complex_visual_mode=0&property_visual_mode=1&is_free=1&complex=4
423,Ст,2503800,23.4,Чкаловский,https://fortis-development.ru/flats?result_mode=0&complex_visual_mode=0&property_visual_mode=1&is_free=1&complex=4
424,1,3780000,36,Чкаловский,https://fortis-development.ru/flats?result_mode=0&complex_visual_mode=0&property_visual_mode=1&is_free=1&complex=4
425,Ст,2568000,24,Чкаловский,https://fortis-development.ru/flats?result_mode=0&complex_visual_mode=0&property_visual_mode=1&is_free=1&complex=4
426,Ст,2482400,23.2,Чкаловский,https://fortis-development.ru/flats?result_mode=0&complex_visual_mode=0&property_visual_mode=1&is_free=1&complex=4
427,Ст,2482400,23.2,Чкаловский,https://fortis-development.ru/flats?result_mode=0&complex_visual_mode=0&property_visual_mode=1&is_free=1&complex=4
428,Ст,2809000,26.5,Чкаловский,https://fortis-development.ru/flats?result_mode=0&complex_visual_mode=0&property_visual_mode=1&is_free=1&complex=4
429,Ст,2840800,26.8,Чкаловский,https://fortis-development.ru/flats?result_mode=0&complex_visual_mode=0&property_visual_mode=1&is_free=1&complex=4
430,1,3754400,36.1,Чкаловский,https://fortis-development.ru/flats?result_mode=0&complex_visual_mode=0&property_visual_mode=1&is_free=1&complex=4
431,2,4926600,48.3,Чкаловский,https://fortis-development.ru/flats?result_mode=0&complex_visual_mode=0&property_visual_mode=1&is_free=1&complex=4
432,1,3685500,35.1,Чкаловский,https://fortis-development.ru/flats?result_mode=0&complex_visual_mode=0&property_visual_mode=1&is_free=1&complex=4
433,Ст,2559600,23.7,Чкаловский,https://fortis-development.ru/flats?result_mode=0&complex_visual_mode=0&property_visual_mode=1&is_free=1&complex=4
434,Ст,2505600,23.2,Чкаловский,https://fortis-development.ru/flats?result_mode=0&complex_visual_mode=0&property_visual_mode=1&is_free=1&complex=4
435,Ст,2835500,26.5,Чкаловский,https://fortis-development.ru/flats?result_mode=0&complex_visual_mode=0&property_visual_mode=1&is_free=1&complex=4
436,Ст,2867600,26.8,Чкаловский,https://fortis-development.ru/flats?result_mode=0&complex_visual_mode=0&property_visual_mode=1&is_free=1&complex=4
437,1,3790500,36.1,Чкаловский,https://fortis-development.ru/flats?result_mode=0&complex_visual_mode=0&property_visual_mode=1&is_free=1&complex=4
438,2,4974900,48.3,Чкаловский,https://fortis-development.ru/flats?result_mode=0&complex_visual_mode=0&property_visual_mode=1&is_free=1&complex=4
439,1,3720600,35.1,Чкаловский,https://fortis-development.ru/flats?result_mode=0&complex_visual_mode=0&property_visual_mode=1&is_free=1&complex=4
440,Ст,2527200,23.4,Чкаловский,https://fortis-development.ru/flats?result_mode=0&complex_visual_mode=0&property_visual_mode=1&is_free=1&complex=4
441,Ст,2527200,23.4,Чкаловский,https://fortis-development.ru/flats?result_mode=0&complex_visual_mode=0&property_visual_mode=1&is_free=1&complex=4
442,1,3816000,36,Чкаловский,https://fortis-development.ru/flats?result_mode=0&complex_visual_mode=0&property_visual_mode=1&is_free=1&complex=4
443,Ст,2592000,24,Чкаловский,https://fortis-development.ru/flats?result_mode=0&complex_visual_mode=0&property_visual_mode=1&is_free=1&complex=4
444,Ст,2559600,23.7,Чкаловский,https://fortis-development.ru/flats?result_mode=0&complex_visual_mode=0&property_visual_mode=1&is_free=1&complex=4
445,Ст,2505600,23.2,Чкаловский,https://fortis-development.ru/flats?result_mode=0&complex_visual_mode=0&property_visual_mode=1&is_free=1&complex=4
446,Ст,2505600,23.2,Чкаловский,https://fortis-development.ru/flats?result_mode=0&complex_visual_mode=0&property_visual_mode=1&is_free=1&complex=4
447,Ст,2835500,26.5,Чкаловский,https://fortis-development.ru/flats?result_mode=0&complex_visual_mode=0&property_visual_mode=1&is_free=1&complex=4
448,1,3790500,36.1,Чкаловский,https://fortis-development.ru/flats?result_mode=0&complex_visual_mode=0&property_visual_mode=1&is_free=1&complex=4
449,2,4974900,48.3,Чкаловский,https://fortis-development.ru/flats?result_mode=0&complex_visual_mode=0&property_visual_mode=1&is_free=1&complex=4
450,1,3720600,35.1,Чкаловский,https://fortis-development.ru/flats?result_mode=0&complex_visual_mode=0&property_visual_mode=1&is_free=1&complex=4
451,Ст,2527200,23.4,Чкаловский,https://fortis-development.ru/flats?result_mode=0&complex_visual_mode=0&property_visual_mode=1&is_free=1&complex=4
452,Ст,2494800,23.1,Чкаловский,https://fortis-development.ru/flats?result_mode=0&complex_visual_mode=0&property_visual_mode=1&is_free=1&complex=4
453,1,3816000,36,Чкаловский,https://fortis-development.ru/flats?result_mode=0&complex_visual_mode=0&property_visual_mode=1&is_free=1&complex=4
454,1,3922000,37,Чкаловский,https://fortis-development.ru/flats?result_mode=0&complex_visual_mode=0&property_visual_mode=1&is_free=1&complex=4
455,Ст,2592000,24,Чкаловский,https://fortis-development.ru/flats?result_mode=0&complex_visual_mode=0&property_visual_mode=1&is_free=1&complex=4
456,Ст,2505600,23.2,Чкаловский,https://fortis-development.ru/flats?result_mode=0&complex_visual_mode=0&property_visual_mode=1&is_free=1&complex=4
457,Ст,2835500,26.5,Чкаловский,https://fortis-development.ru/flats?result_mode=0&complex_visual_mode=0&property_visual_mode=1&is_free=1&complex=4
458,Ст,2867600,26.8,Чкаловский,https://fortis-development.ru/flats?result_mode=0&complex_visual_mode=0&property_visual_mode=1&is_free=1&complex=4
459,1,3790500,36.1,Чкаловский,https://fortis-development.ru/flats?result_mode=0&complex_visual_mode=0&property_visual_mode=1&is_free=1&complex=4
460,1,3720600,35.1,Чкаловский,https://fortis-development.ru/flats?result_mode=0&complex_visual_mode=0&property_visual_mode=1&is_free=1&complex=4
461,Ст,2527200,23.4,Чкаловский,https://fortis-development.ru/flats?result_mode=0&complex_visual_mode=0&property_visual_mode=1&is_free=1&complex=4
462,Ст,2494800,23.1,Чкаловский,https://fortis-development.ru/flats?result_mode=0&complex_visual_mode=0&property_visual_mode=1&is_free=1&complex=4
463,1,3816000,36,Чкаловский,https://fortis-development.ru/flats?result_mode=0&complex_visual_mode=0&property_visual_mode=1&is_free=1&complex=4
464,Ст,2592000,24,Чкаловский,https://fortis-development.ru/flats?result_mode=0&complex_visual_mode=0&property_visual_mode=1&is_free=1&complex=4
465,Ст,2559600,23.7,Чкаловский,https://fortis-development.ru/flats?result_mode=0&complex_visual_mode=0&property_visual_mode=1&is_free=1&complex=4
466,Ст,2505600,23.2,Чкаловский,https://fortis-development.ru/flats?result_mode=0&complex_visual_mode=0&property_visual_mode=1&is_free=1&complex=4
467,Ст,2835500,26.5,Чкаловский,https://fortis-development.ru/flats?result_mode=0&complex_visual_mode=0&property_visual_mode=1&is_free=1&complex=4
468,1,3790500,36.1,Чкаловский,https://fortis-development.ru/flats?result_mode=0&complex_visual_mode=0&property_visual_mode=1&is_free=1&complex=4
469,2,4974900,48.3,Чкаловский,https://fortis-development.ru/flats?result_mode=0&complex_visual_mode=0&property_visual_mode=1&is_free=1&complex=4
470,1,3720600,35.1,Чкаловский,https://fortis-development.ru/flats?result_mode=0&complex_visual_mode=0&property_visual_mode=1&is_free=1&complex=4
471,Ст,2494800,23.1,Чкаловский,https://fortis-development.ru/flats?result_mode=0&complex_visual_mode=0&property_visual_mode=1&is_free=1&complex=4
472,1,3852000,36,Чкаловский,https://fortis-development.ru/flats?result_mode=0&complex_visual_mode=0&property_visual_mode=1&is_free=1&complex=4
473,Ст,2583300,23.7,Чкаловский,https://fortis-development.ru/flats?result_mode=0&complex_visual_mode=0&property_visual_mode=1&is_free=1&complex=4
474,Ст,2528800,23.2,Чкаловский,https://fortis-development.ru/flats?result_mode=0&complex_visual_mode=0&property_visual_mode=1&is_free=1&complex=4
475,Ст,2528800,23.2,Чкаловский,https://fortis-development.ru/flats?result_mode=0&complex_visual_mode=0&property_visual_mode=1&is_free=1&complex=4
476,Ст,2894400,26.8,Чкаловский,https://fortis-development.ru/flats?result_mode=0&complex_visual_mode=0&property_visual_mode=1&is_free=1&complex=4
477,1,3826600,36.1,Чкаловский,https://fortis-development.ru/flats?result_mode=0&complex_visual_mode=0&property_visual_mode=1&is_free=1&complex=4
478,2,5023200,48.3,Чкаловский,https://fortis-development.ru/flats?result_mode=0&complex_visual_mode=0&property_visual_mode=1&is_free=1&complex=4
479,Ст,2550600,23.4,Чкаловский,https://fortis-development.ru/flats?result_mode=0&complex_visual_mode=0&property_visual_mode=1&is_free=1&complex=4
480,1,3862800,36,Чкаловский,https://fortis-development.ru/flats?result_mode=0&complex_visual_mode=0&property_visual_mode=1&is_free=1&complex=4
481,1,3970100,37,Чкаловский,https://fortis-development.ru/flats?result_mode=0&complex_visual_mode=0&property_visual_mode=1&is_free=1&complex=4
482,Ст,2623200,24,Чкаловский,https://fortis-development.ru/flats?result_mode=0&complex_visual_mode=0&property_visual_mode=1&is_free=1&complex=4
483,Ст,2535760,23.2,Чкаловский,https://fortis-development.ru/flats?result_mode=0&complex_visual_mode=0&property_visual_mode=1&is_free=1&complex=4
484,Ст,2869950,26.5,Чкаловский,https://fortis-development.ru/flats?result_mode=0&complex_visual_mode=0&property_visual_mode=1&is_free=1&complex=4
485,Ст,2902440,26.8,Чкаловский,https://fortis-development.ru/flats?result_mode=0&complex_visual_mode=0&property_visual_mode=1&is_free=1&complex=4
486,2,5037690,48.3,Чкаловский,https://fortis-development.ru/flats?result_mode=0&complex_visual_mode=0&property_visual_mode=1&is_free=1&complex=4
487,1,3766230,35.1,Чкаловский,https://fortis-development.ru/flats?result_mode=0&complex_visual_mode=0&property_visual_mode=1&is_free=1&complex=4
488,Ст,2524830,23.1,Чкаловский,https://fortis-development.ru/flats?result_mode=0&complex_visual_mode=0&property_visual_mode=1&is_free=1&complex=4
489,1,3981200,37,Чкаловский,https://fortis-development.ru/flats?result_mode=0&complex_visual_mode=0&property_visual_mode=1&is_free=1&complex=4
490,Ст,2630400,24,Чкаловский,https://fortis-development.ru/flats?result_mode=0&complex_visual_mode=0&property_visual_mode=1&is_free=1&complex=4
491,Ст,2597520,23.7,Чкаловский,https://fortis-development.ru/flats?result_mode=0&complex_visual_mode=0&property_visual_mode=1&is_free=1&complex=4
492,Ст,2542720,23.2,Чкаловский,https://fortis-development.ru/flats?result_mode=0&complex_visual_mode=0&property_visual_mode=1&is_free=1&complex=4
493,Ст,2542720,23.2,Чкаловский,https://fortis-development.ru/flats?result_mode=0&complex_visual_mode=0&property_visual_mode=1&is_free=1&complex=4
494,Ст,2877900,26.5,Чкаловский,https://fortis-development.ru/flats?result_mode=0&complex_visual_mode=0&property_visual_mode=1&is_free=1&complex=4
495,1,3848260,36.1,Чкаловский,https://fortis-development.ru/flats?result_mode=0&complex_visual_mode=0&property_visual_mode=1&is_free=1&complex=4
496,2,5052180,48.3,Чкаловский,https://fortis-development.ru/flats?result_mode=0&complex_visual_mode=0&property_visual_mode=1&is_free=1&complex=4
497,1,3776760,35.1,Чкаловский,https://fortis-development.ru/flats?result_mode=0&complex_visual_mode=0&property_visual_mode=1&is_free=1&complex=4
498,Ст,2564640,23.4,Чкаловский,https://fortis-development.ru/flats?result_mode=0&complex_visual_mode=0&property_visual_mode=1&is_free=1&complex=4
499,Ст,2531760,23.1,Чкаловский,https://fortis-development.ru/flats?result_mode=0&complex_visual_mode=0&property_visual_mode=1&is_free=1&complex=4
500,1,3884400,36,Чкаловский,https://fortis-development.ru/flats?result_mode=0&complex_visual_mode=0&property_visual_mode=1&is_free=1&complex=4
501,1,3992300,37,Чкаловский,https://fortis-development.ru/flats?result_mode=0&complex_visual_mode=0&property_visual_mode=1&is_free=1&complex=4
502,Ст,2637600,24,Чкаловский,https://fortis-development.ru/flats?result_mode=0&complex_visual_mode=0&property_visual_mode=1&is_free=1&complex=4
503,Ст,2604630,23.7,Чкаловский,https://fortis-development.ru/flats?result_mode=0&complex_visual_mode=0&property_visual_mode=1&is_free=1&complex=4
504,Ст,2549680,23.2,Чкаловский,https://fortis-development.ru/flats?result_mode=0&complex_visual_mode=0&property_visual_mode=1&is_free=1&complex=4
505,Ст,2918520,26.8,Чкаловский,https://fortis-development.ru/flats?result_mode=0&complex_visual_mode=0&property_visual_mode=1&is_free=1&complex=4
506,2,5066670,48.3,Чкаловский,https://fortis-development.ru/flats?result_mode=0&complex_visual_mode=0&property_visual_mode=1&is_free=1&complex=4
507,1,3787290,35.1,Чкаловский,https://fortis-development.ru/flats?result_mode=0&complex_visual_mode=0&property_visual_mode=1&is_free=1&complex=4
508,Ст,2571660,23.4,Чкаловский,https://fortis-development.ru/flats?result_mode=0&complex_visual_mode=0&property_visual_mode=1&is_free=1&complex=4
509,Ст,2538690,23.1,Чкаловский,https://fortis-development.ru/flats?result_mode=0&complex_visual_mode=0&property_visual_mode=1&is_free=1&complex=4
510,1,3895200,36,Чкаловский,https://fortis-development.ru/flats?result_mode=0&complex_visual_mode=0&property_visual_mode=1&is_free=1&complex=4
511,Ст,2611740,23.7,Чкаловский,https://fortis-development.ru/flats?result_mode=0&complex_visual_mode=0&property_visual_mode=1&is_free=1&complex=4
512,Ст,2556640,23.2,Чкаловский,https://fortis-development.ru/flats?result_mode=0&complex_visual_mode=0&property_visual_mode=1&is_free=1&complex=4
513,Ст,2893800,26.5,Чкаловский,https://fortis-development.ru/flats?result_mode=0&complex_visual_mode=0&property_visual_mode=1&is_free=1&complex=4
514,Ст,2926560,26.8,Чкаловский,https://fortis-development.ru/flats?result_mode=0&complex_visual_mode=0&property_visual_mode=1&is_free=1&complex=4
515,1,3869920,36.1,Чкаловский,https://fortis-development.ru/flats?result_mode=0&complex_visual_mode=0&property_visual_mode=1&is_free=1&complex=4
516,2,5081160,48.3,Чкаловский,https://fortis-development.ru/flats?result_mode=0&complex_visual_mode=0&property_visual_mode=1&is_free=1&complex=4
517,1,3797820,35.1,Чкаловский,https://fortis-development.ru/flats?result_mode=0&complex_visual_mode=0&property_visual_mode=1&is_free=1&complex=4
518,Ст,2578680,23.4,Чкаловский,https://fortis-development.ru/flats?result_mode=0&complex_visual_mode=0&property_visual_mode=1&is_free=1&complex=4
519,Ст,2545620,23.1,Чкаловский,https://fortis-development.ru/flats?result_mode=0&complex_visual_mode=0&property_visual_mode=1&is_free=1&complex=4
520,1,3906000,36,Чкаловский,https://fortis-development.ru/flats?result_mode=0&complex_visual_mode=0&property_visual_mode=1&is_free=1&complex=4
521,1,4014500,37,Чкаловский,https://fortis-development.ru/flats?result_mode=0&complex_visual_mode=0&property_visual_mode=1&is_free=1&complex=4
522,Ст,2652000,24,Чкаловский,https://fortis-development.ru/flats?result_mode=0&complex_visual_mode=0&property_visual_mode=1&is_free=1&complex=4
523,Ст,2618850,23.7,Чкаловский,https://fortis-development.ru/flats?result_mode=0&complex_visual_mode=0&property_visual_mode=1&is_free=1&complex=4
524,Ст,2563600,23.2,Чкаловский,https://fortis-development.ru/flats?result_mode=0&complex_visual_mode=0&property_visual_mode=1&is_free=1&complex=4
525,Ст,2901750,26.5,Чкаловский,https://fortis-development.ru/flats?result_mode=0&complex_visual_mode=0&property_visual_mode=1&is_free=1&complex=4
526,Ст,2934600,26.8,Чкаловский,https://fortis-development.ru/flats?result_mode=0&complex_visual_mode=0&property_visual_mode=1&is_free=1&complex=4
527,2,5095650,48.3,Чкаловский,https://fortis-development.ru/flats?result_mode=0&complex_visual_mode=0&property_visual_mode=1&is_free=1&complex=4
528,Ст,2585700,23.4,Чкаловский,https://fortis-development.ru/flats?result_mode=0&complex_visual_mode=0&property_visual_mode=1&is_free=1&complex=4
529,Ст,2585700,23.4,Чкаловский,https://fortis-development.ru/flats?result_mode=0&complex_visual_mode=0&property_visual_mode=1&is_free=1&complex=4
530,Ст,2552550,23.1,Чкаловский,https://fortis-development.ru/flats?result_mode=0&complex_visual_mode=0&property_visual_mode=1&is_free=1&complex=4
531,1,4025600,37,Чкаловский,https://fortis-development.ru/flats?result_mode=0&complex_visual_mode=0&property_visual_mode=1&is_free=1&complex=4
532,Ст,2625960,23.7,Чкаловский,https://fortis-development.ru/flats?result_mode=0&complex_visual_mode=0&property_visual_mode=1&is_free=1&complex=4
533,Ст,2570560,23.2,Чкаловский,https://fortis-development.ru/flats?result_mode=0&complex_visual_mode=0&property_visual_mode=1&is_free=1&complex=4
534,Ст,2909700,26.5,Чкаловский,https://fortis-development.ru/flats?result_mode=0&complex_visual_mode=0&property_visual_mode=1&is_free=1&complex=4
535,Ст,2942640,26.8,Чкаловский,https://fortis-development.ru/flats?result_mode=0&complex_visual_mode=0&property_visual_mode=1&is_free=1&complex=4
536,1,3891580,36.1,Чкаловский,https://fortis-development.ru/flats?result_mode=0&complex_visual_mode=0&property_visual_mode=1&is_free=1&complex=4
537,2,5110140,48.3,Чкаловский,https://fortis-development.ru/flats?result_mode=0&complex_visual_mode=0&property_visual_mode=1&is_free=1&complex=4
538,Ст,2559480,23.1,Чкаловский,https://fortis-development.ru/flats?result_mode=0&complex_visual_mode=0&property_visual_mode=1&is_free=1&complex=4
539,1,3927600,36,Чкаловский,https://fortis-development.ru/flats?result_mode=0&complex_visual_mode=0&property_visual_mode=1&is_free=1&complex=4
540,Ст,2666400,24,Чкаловский,https://fortis-development.ru/flats?result_mode=0&complex_visual_mode=0&property_visual_mode=1&is_free=1&complex=4
541,Ст,2633070,23.7,Чкаловский,https://fortis-development.ru/flats?result_mode=0&complex_visual_mode=0&property_visual_mode=1&is_free=1&complex=4
542,Ст,2577520,23.2,Чкаловский,https://fortis-development.ru/flats?result_mode=0&complex_visual_mode=0&property_visual_mode=1&is_free=1&complex=4
543,Ст,2577520,23.2,Чкаловский,https://fortis-development.ru/flats?result_mode=0&complex_visual_mode=0&property_visual_mode=1&is_free=1&complex=4
544,Ст,2917650,26.5,Чкаловский,https://fortis-development.ru/flats?result_mode=0&complex_visual_mode=0&property_visual_mode=1&is_free=1&complex=4
545,1,3902410,36.1,Чкаловский,https://fortis-development.ru/flats?result_mode=0&complex_visual_mode=0&property_visual_mode=1&is_free=1&complex=4
546,2,5124630,48.3,Чкаловский,https://fortis-development.ru/flats?result_mode=0&complex_visual_mode=0&property_visual_mode=1&is_free=1&complex=4
547,1,3829410,35.1,Чкаловский,https://fortis-development.ru/flats?result_mode=0&complex_visual_mode=0&property_visual_mode=1&is_free=1&complex=4
548,Ст,2599740,23.4,Чкаловский,https://fortis-development.ru/flats?result_mode=0&complex_visual_mode=0&property_visual_mode=1&is_free=1&complex=4
549,Ст,2599740,23.4,Чкаловский,https://fortis-development.ru/flats?result_mode=0&complex_visual_mode=0&property_visual_mode=1&is_free=1&complex=4
550,Ст,2673600,24,Чкаловский,https://fortis-development.ru/flats?result_mode=0&complex_visual_mode=0&property_visual_mode=1&is_free=1&complex=4
551,Ст,2640180,23.7,Чкаловский,https://fortis-development.ru/flats?result_mode=0&complex_visual_mode=0&property_visual_mode=1&is_free=1&complex=4
552,Ст,2584480,23.2,Чкаловский,https://fortis-development.ru/flats?result_mode=0&complex_visual_mode=0&property_visual_mode=1&is_free=1&complex=4
553,Ст,2925600,26.5,Чкаловский,https://fortis-development.ru/flats?result_mode=0&complex_visual_mode=0&property_visual_mode=1&is_free=1&complex=4
554,Ст,2958720,26.8,Чкаловский,https://fortis-development.ru/flats?result_mode=0&complex_visual_mode=0&property_visual_mode=1&is_free=1&complex=4
555,1,3913240,36.1,Чкаловский,https://fortis-development.ru/flats?result_mode=0&complex_visual_mode=0&property_visual_mode=1&is_free=1&complex=4
556,2,5139120,48.3,Чкаловский,https://fortis-development.ru/flats?result_mode=0&complex_visual_mode=0&property_visual_mode=1&is_free=1&complex=4
557,1,3839940,35.1,Чкаловский,https://fortis-development.ru/flats?result_mode=0&complex_visual_mode=0&property_visual_mode=1&is_free=1&complex=4
558,Ст,2890500,28.2,Чкаловский,https://fortis-development.ru/flats?result_mode=0&complex_visual_mode=0&property_visual_mode=1&is_free=1&complex=4
559,1,3850200,37.2,Чкаловский,https://fortis-development.ru/flats?result_mode=0&complex_visual_mode=0&property_visual_mode=1&is_free=1&complex=4
560,1,3834000,36,Чкаловский,https://fortis-development.ru/flats?result_mode=0&complex_visual_mode=0&property_visual_mode=1&is_free=1&complex=4
561,1,3951150,37.1,Чкаловский,https://fortis-development.ru/flats?result_mode=0&complex_visual_mode=0&property_visual_mode=1&is_free=1&complex=4
562,Ст,2496600,22.8,Чкаловский,https://fortis-development.ru/flats?result_mode=0&complex_visual_mode=0&property_visual_mode=1&is_free=1&complex=4
563,Ст,2486250,22.5,Чкаловский,https://fortis-development.ru/flats?result_mode=0&complex_visual_mode=0&property_visual_mode=1&is_free=1&complex=4
564,Ст,2723350,25.1,Чкаловский,https://fortis-development.ru/flats?result_mode=0&complex_visual_mode=0&property_visual_mode=1&is_free=1&complex=4
565,1,3961800,37.2,Чкаловский,https://fortis-development.ru/flats?result_mode=0&complex_visual_mode=0&property_visual_mode=1&is_free=1&complex=4
566,3,6264800,65.6,Чкаловский,https://fortis-development.ru/flats?result_mode=0&complex_visual_mode=0&property_visual_mode=1&is_free=1&complex=4
567,Ст,2453000,22,Чкаловский,https://fortis-development.ru/flats?result_mode=0&complex_visual_mode=0&property_visual_mode=1&is_free=1&complex=4
568,2,5064000,48,Чкаловский,https://fortis-development.ru/flats?result_mode=0&complex_visual_mode=0&property_visual_mode=1&is_free=1&complex=4
569,Ст,2508750,22.5,Чкаловский,https://fortis-development.ru/flats?result_mode=0&complex_visual_mode=0&property_visual_mode=1&is_free=1&complex=4
570,1,3870000,36,Чкаловский,https://fortis-development.ru/flats?result_mode=0&complex_visual_mode=0&property_visual_mode=1&is_free=1&complex=4
571,1,3988250,37.1,Чкаловский,https://fortis-development.ru/flats?result_mode=0&complex_visual_mode=0&property_visual_mode=1&is_free=1&complex=4
572,Ст,2542200,22.8,Чкаловский,https://fortis-development.ru/flats?result_mode=0&complex_visual_mode=0&property_visual_mode=1&is_free=1&complex=4
573,Ст,2453000,22,Чкаловский,https://fortis-development.ru/flats?result_mode=0&complex_visual_mode=0&property_visual_mode=1&is_free=1&complex=4
574,Ст,2748450,25.1,Чкаловский,https://fortis-development.ru/flats?result_mode=0&complex_visual_mode=0&property_visual_mode=1&is_free=1&complex=4
575,1,3999000,37.2,Чкаловский,https://fortis-development.ru/flats?result_mode=0&complex_visual_mode=0&property_visual_mode=1&is_free=1&complex=4
576,3,6330400,65.6,Чкаловский,https://fortis-development.ru/flats?result_mode=0&complex_visual_mode=0&property_visual_mode=1&is_free=1&complex=4
577,Ст,2542200,22.8,Чкаловский,https://fortis-development.ru/flats?result_mode=0&complex_visual_mode=0&property_visual_mode=1&is_free=1&complex=4
578,Ст,2748450,25.1,Чкаловский,https://fortis-development.ru/flats?result_mode=0&complex_visual_mode=0&property_visual_mode=1&is_free=1&complex=4
579,2,5064000,48,Чкаловский,https://fortis-development.ru/flats?result_mode=0&complex_visual_mode=0&property_visual_mode=1&is_free=1&complex=4
580,1,3988250,37.1,Чкаловский,https://fortis-development.ru/flats?result_mode=0&complex_visual_mode=0&property_visual_mode=1&is_free=1&complex=4
581,1,3999000,37.2,Чкаловский,https://fortis-development.ru/flats?result_mode=0&complex_visual_mode=0&property_visual_mode=1&is_free=1&complex=4
582,3,6330400,65.6,Чкаловский,https://fortis-development.ru/flats?result_mode=0&complex_visual_mode=0&property_visual_mode=1&is_free=1&complex=4
583,Ст,2508750,22.5,Чкаловский,https://fortis-development.ru/flats?result_mode=0&complex_visual_mode=0&property_visual_mode=1&is_free=1&complex=4
584,Ст,2542200,22.8,Чкаловский,https://fortis-development.ru/flats?result_mode=0&complex_visual_mode=0&property_visual_mode=1&is_free=1&complex=4
585,Ст,2759400,25.2,Чкаловский,https://fortis-development.ru/flats?result_mode=0&complex_visual_mode=0&property_visual_mode=1&is_free=1&complex=4
586,2,5064000,48,Чкаловский,https://fortis-development.ru/flats?result_mode=0&complex_visual_mode=0&property_visual_mode=1&is_free=1&complex=4
587,1,3988250,37.1,Чкаловский,https://fortis-development.ru/flats?result_mode=0&complex_visual_mode=0&property_visual_mode=1&is_free=1&complex=4
588,1,3999000,37.2,Чкаловский,https://fortis-development.ru/flats?result_mode=0&complex_visual_mode=0&property_visual_mode=1&is_free=1&complex=4
589,1,3618000,36,Чкаловский,https://fortis-development.ru/flats?result_mode=0&complex_visual_mode=0&property_visual_mode=1&is_free=1&complex=4
590,3,6068000,65.6,Чкаловский,https://fortis-development.ru/flats?result_mode=0&complex_visual_mode=0&property_visual_mode=1&is_free=1&complex=4
591,Ст,2351250,22.5,Чкаловский,https://fortis-development.ru/flats?result_mode=0&complex_visual_mode=0&property_visual_mode=1&is_free=1&complex=4
592,Ст,2597850,25.1,Чкаловский,https://fortis-development.ru/flats?result_mode=0&complex_visual_mode=0&property_visual_mode=1&is_free=1&complex=4
593,2,4776000,48,Чкаловский,https://fortis-development.ru/flats?result_mode=0&complex_visual_mode=0&property_visual_mode=1&is_free=1&complex=4
594,1,3654000,36,Чкаловский,https://fortis-development.ru/flats?result_mode=0&complex_visual_mode=0&property_visual_mode=1&is_free=1&complex=4
595,Ст,2373750,22.5,Чкаловский,https://fortis-development.ru/flats?result_mode=0&complex_visual_mode=0&property_visual_mode=1&is_free=1&complex=4
596,Ст,2608200,25.2,Чкаловский,https://fortis-development.ru/flats?result_mode=0&complex_visual_mode=0&property_visual_mode=1&is_free=1&complex=4
597,1,3775800,37.2,Чкаловский,https://fortis-development.ru/flats?result_mode=0&complex_visual_mode=0&property_visual_mode=1&is_free=1&complex=4
598,2,4776000,48,Чкаловский,https://fortis-development.ru/flats?result_mode=0&complex_visual_mode=0&property_visual_mode=1&is_free=1&complex=4
599,3,6133600,65.6,Чкаловский,https://fortis-development.ru/flats?result_mode=0&complex_visual_mode=0&property_visual_mode=1&is_free=1&complex=4
600,Ст,2428200,22.8,Чкаловский,https://fortis-development.ru/flats?result_mode=0&complex_visual_mode=0&property_visual_mode=1&is_free=1&complex=4
601,Ст,2622950,25.1,Чкаловский,https://fortis-development.ru/flats?result_mode=0&complex_visual_mode=0&property_visual_mode=1&is_free=1&complex=4
602,1,3813000,37.2,Чкаловский,https://fortis-development.ru/flats?result_mode=0&complex_visual_mode=0&property_visual_mode=1&is_free=1&complex=4
603,3,6199200,65.6,Чкаловский,https://fortis-development.ru/flats?result_mode=0&complex_visual_mode=0&property_visual_mode=1&is_free=1&complex=4
604,1,3802750,37.1,Чкаловский,https://fortis-development.ru/flats?result_mode=0&complex_visual_mode=0&property_visual_mode=1&is_free=1&complex=4
605,Ст,2343000,22,Чкаловский,https://fortis-development.ru/flats?result_mode=0&complex_visual_mode=0&property_visual_mode=1&is_free=1&complex=4
606,Ст,2622950,25.1,Чкаловский,https://fortis-development.ru/flats?result_mode=0&complex_visual_mode=0&property_visual_mode=1&is_free=1&complex=4
607,2,4824000,48,Чкаловский,https://fortis-development.ru/flats?result_mode=0&complex_visual_mode=0&property_visual_mode=1&is_free=1&complex=4
608,1,3690000,36,Чкаловский,https://fortis-development.ru/flats?result_mode=0&complex_visual_mode=0&property_visual_mode=1&is_free=1&complex=4
609,Ст,2428200,22.8,Чкаловский,https://fortis-development.ru/flats?result_mode=0&complex_visual_mode=0&property_visual_mode=1&is_free=1&complex=4
610,Ст,2396250,22.5,Чкаловский,https://fortis-development.ru/flats?result_mode=0&complex_visual_mode=0&property_visual_mode=1&is_free=1&complex=4
611,Ст,2633400,25.2,Чкаловский,https://fortis-development.ru/flats?result_mode=0&complex_visual_mode=0&property_visual_mode=1&is_free=1&complex=4
612,1,3813000,37.2,Чкаловский,https://fortis-development.ru/flats?result_mode=0&complex_visual_mode=0&property_visual_mode=1&is_free=1&complex=4
613,Ст,2396250,22.5,Чкаловский,https://fortis-development.ru/flats?result_mode=0&complex_visual_mode=0&property_visual_mode=1&is_free=1&complex=4
614,1,3802750,37.1,Чкаловский,https://fortis-development.ru/flats?result_mode=0&complex_visual_mode=0&property_visual_mode=1&is_free=1&complex=4
615,Ст,2396250,22.5,Чкаловский,https://fortis-development.ru/flats?result_mode=0&complex_visual_mode=0&property_visual_mode=1&is_free=1&complex=4
616,Ст,2343000,22,Чкаловский,https://fortis-development.ru/flats?result_mode=0&complex_visual_mode=0&property_visual_mode=1&is_free=1&complex=4
617,2,4824000,48,Чкаловский,https://fortis-development.ru/flats?result_mode=0&complex_visual_mode=0&property_visual_mode=1&is_free=1&complex=4
618,Ст,2396250,22.5,Чкаловский,https://fortis-development.ru/flats?result_mode=0&complex_visual_mode=0&property_visual_mode=1&is_free=1&complex=4
619,Ст,2451000,22.8,Чкаловский,https://fortis-development.ru/flats?result_mode=0&complex_visual_mode=0&property_visual_mode=1&is_free=1&complex=4
620,Ст,2365000,22,Чкаловский,https://fortis-development.ru/flats?result_mode=0&complex_visual_mode=0&property_visual_mode=1&is_free=1&complex=4
621,Ст,2658600,25.2,Чкаловский,https://fortis-development.ru/flats?result_mode=0&complex_visual_mode=0&property_visual_mode=1&is_free=1&complex=4
622,2,4857600,48,Чкаловский,https://fortis-development.ru/flats?result_mode=0&complex_visual_mode=0&property_visual_mode=1&is_free=1&complex=4
623,3,6264800,65.6,Чкаловский,https://fortis-development.ru/flats?result_mode=0&complex_visual_mode=0&property_visual_mode=1&is_free=1&complex=4
624,1,3726000,36,Чкаловский,https://fortis-development.ru/flats?result_mode=0&complex_visual_mode=0&property_visual_mode=1&is_free=1&complex=4
625,Ст,2418750,22.5,Чкаловский,https://fortis-development.ru/flats?result_mode=0&complex_visual_mode=0&property_visual_mode=1&is_free=1&complex=4
626,Ст,2365000,22,Чкаловский,https://fortis-development.ru/flats?result_mode=0&complex_visual_mode=0&property_visual_mode=1&is_free=1&complex=4
627,Ст,2648050,25.1,Чкаловский,https://fortis-development.ru/flats?result_mode=0&complex_visual_mode=0&property_visual_mode=1&is_free=1&complex=4
628,Ст,2658600,25.2,Чкаловский,https://fortis-development.ru/flats?result_mode=0&complex_visual_mode=0&property_visual_mode=1&is_free=1&complex=4
629,2,4872000,48,Чкаловский,https://fortis-development.ru/flats?result_mode=0&complex_visual_mode=0&property_visual_mode=1&is_free=1&complex=4
630,Ст,2531750,24.7,Чкаловский,https://fortis-development.ru/flats?result_mode=0&complex_visual_mode=0&property_visual_mode=1&is_free=1&complex=4
631,1,3850980,37.1,Чкаловский,https://fortis-development.ru/flats?result_mode=0&complex_visual_mode=0&property_visual_mode=1&is_free=1&complex=4
632,Ст,2655580,25.1,Чкаловский,https://fortis-development.ru/flats?result_mode=0&complex_visual_mode=0&property_visual_mode=1&is_free=1&complex=4
633,1,3861360,37.2,Чкаловский,https://fortis-development.ru/flats?result_mode=0&complex_visual_mode=0&property_visual_mode=1&is_free=1&complex=4
634,2,4886400,48,Чкаловский,https://fortis-development.ru/flats?result_mode=0&complex_visual_mode=0&property_visual_mode=1&is_free=1&complex=4
635,Ст,2539160,24.7,Чкаловский,https://fortis-development.ru/flats?result_mode=0&complex_visual_mode=0&property_visual_mode=1&is_free=1&complex=4
636,1,3747600,36,Чкаловский,https://fortis-development.ru/flats?result_mode=0&complex_visual_mode=0&property_visual_mode=1&is_free=1&complex=4
637,1,3862110,37.1,Чкаловский,https://fortis-development.ru/flats?result_mode=0&complex_visual_mode=0&property_visual_mode=1&is_free=1&complex=4
638,Ст,2464680,22.8,Чкаловский,https://fortis-development.ru/flats?result_mode=0&complex_visual_mode=0&property_visual_mode=1&is_free=1&complex=4
639,Ст,2432250,22.5,Чкаловский,https://fortis-development.ru/flats?result_mode=0&complex_visual_mode=0&property_visual_mode=1&is_free=1&complex=4
640,Ст,2663110,25.1,Чкаловский,https://fortis-development.ru/flats?result_mode=0&complex_visual_mode=0&property_visual_mode=1&is_free=1&complex=4
641,Ст,2673720,25.2,Чкаловский,https://fortis-development.ru/flats?result_mode=0&complex_visual_mode=0&property_visual_mode=1&is_free=1&complex=4
642,1,3872520,37.2,Чкаловский,https://fortis-development.ru/flats?result_mode=0&complex_visual_mode=0&property_visual_mode=1&is_free=1&complex=4
643,2,4896000,48,Чкаловский,https://fortis-development.ru/flats?result_mode=0&complex_visual_mode=0&property_visual_mode=1&is_free=1&complex=4
644,3,6304160,65.6,Чкаловский,https://fortis-development.ru/flats?result_mode=0&complex_visual_mode=0&property_visual_mode=1&is_free=1&complex=4
645,Ст,2471520,22.8,Чкаловский,https://fortis-development.ru/flats?result_mode=0&complex_visual_mode=0&property_visual_mode=1&is_free=1&complex=4
646,Ст,2439000,22.5,Чкаловский,https://fortis-development.ru/flats?result_mode=0&complex_visual_mode=0&property_visual_mode=1&is_free=1&complex=4
647,Ст,2384800,22,Чкаловский,https://fortis-development.ru/flats?result_mode=0&complex_visual_mode=0&property_visual_mode=1&is_free=1&complex=4
648,Ст,2681280,25.2,Чкаловский,https://fortis-development.ru/flats?result_mode=0&complex_visual_mode=0&property_visual_mode=1&is_free=1&complex=4
649,2,4915200,48,Чкаловский,https://fortis-development.ru/flats?result_mode=0&complex_visual_mode=0&property_visual_mode=1&is_free=1&complex=4
650,Ст,2439000,22.5,Чкаловский,https://fortis-development.ru/flats?result_mode=0&complex_visual_mode=0&property_visual_mode=1&is_free=1&complex=4
651,1,3884370,37.1,Чкаловский,https://fortis-development.ru/flats?result_mode=0&complex_visual_mode=0&property_visual_mode=1&is_free=1&complex=4
652,Ст,2678170,25.1,Чкаловский,https://fortis-development.ru/flats?result_mode=0&complex_visual_mode=0&property_visual_mode=1&is_free=1&complex=4
653,3,6343520,65.6,Чкаловский,https://fortis-development.ru/flats?result_mode=0&complex_visual_mode=0&property_visual_mode=1&is_free=1&complex=4
654,Ст,2445750,22.5,Чкаловский,https://fortis-development.ru/flats?result_mode=0&complex_visual_mode=0&property_visual_mode=1&is_free=1&complex=4
655,1,3780000,36,Чкаловский,https://fortis-development.ru/flats?result_mode=0&complex_visual_mode=0&property_visual_mode=1&is_free=1&complex=4
656,1,3895500,37.1,Чкаловский,https://fortis-development.ru/flats?result_mode=0&complex_visual_mode=0&property_visual_mode=1&is_free=1&complex=4
657,Ст,2485200,22.8,Чкаловский,https://fortis-development.ru/flats?result_mode=0&complex_visual_mode=0&property_visual_mode=1&is_free=1&complex=4
658,Ст,2452500,22.5,Чкаловский,https://fortis-development.ru/flats?result_mode=0&complex_visual_mode=0&property_visual_mode=1&is_free=1&complex=4
659,Ст,2398000,22,Чкаловский,https://fortis-development.ru/flats?result_mode=0&complex_visual_mode=0&property_visual_mode=1&is_free=1&complex=4
660,Ст,2685700,25.1,Чкаловский,https://fortis-development.ru/flats?result_mode=0&complex_visual_mode=0&property_visual_mode=1&is_free=1&complex=4
661,1,3906000,37.2,Чкаловский,https://fortis-development.ru/flats?result_mode=0&complex_visual_mode=0&property_visual_mode=1&is_free=1&complex=4
662,2,4704000,48,Чкаловский,https://fortis-development.ru/flats?result_mode=0&complex_visual_mode=0&property_visual_mode=1&is_free=1&complex=4
663,Ст,2568800,24.7,Чкаловский,https://fortis-development.ru/flats?result_mode=0&complex_visual_mode=0&property_visual_mode=1&is_free=1&complex=4
664,3,6363200,65.6,Чкаловский,https://fortis-development.ru/flats?result_mode=0&complex_visual_mode=0&property_visual_mode=1&is_free=1&complex=4
665,Ст,2492040,22.8,Чкаловский,https://fortis-development.ru/flats?result_mode=0&complex_visual_mode=0&property_visual_mode=1&is_free=1&complex=4
666,Ст,2703960,25.2,Чкаловский,https://fortis-development.ru/flats?result_mode=0&complex_visual_mode=0&property_visual_mode=1&is_free=1&complex=4
667,2,4958400,48,Чкаловский,https://fortis-development.ru/flats?result_mode=0&complex_visual_mode=0&property_visual_mode=1&is_free=1&complex=4
668,Ст,2459250,22.5,Чкаловский,https://fortis-development.ru/flats?result_mode=0&complex_visual_mode=0&property_visual_mode=1&is_free=1&complex=4
669,1,3917760,37.1,Чкаловский,https://fortis-development.ru/flats?result_mode=0&complex_visual_mode=0&property_visual_mode=1&is_free=1&complex=4
670,Ст,2466000,22.5,Чкаловский,https://fortis-development.ru/flats?result_mode=0&complex_visual_mode=0&property_visual_mode=1&is_free=1&complex=4
671,Ст,2700760,25.1,Чкаловский,https://fortis-development.ru/flats?result_mode=0&complex_visual_mode=0&property_visual_mode=1&is_free=1&complex=4
672,1,3928320,37.2,Чкаловский,https://fortis-development.ru/flats?result_mode=0&complex_visual_mode=0&property_visual_mode=1&is_free=1&complex=4
673,3,6402560,65.6,Чкаловский,https://fortis-development.ru/flats?result_mode=0&complex_visual_mode=0&property_visual_mode=1&is_free=1&complex=4
674,1,5050000,41.34,Ленинский,https://www.an-nks.ru/search?view=filter-search&type=0&prev_type=0&district=Юго-Западный&prev_district=Юго-Западный&prev_stock=&price%5Bfrom%5D=800000&price%5Bto%5D=120000000&ploshchad%5Bfrom%5D=13.5&ploshchad%5Bto%5D=1083
675,1,5100000,42.66,Ленинский,https://www.an-nks.ru/search?view=filter-search&type=0&prev_type=0&district=Юго-Западный&prev_district=Юго-Западный&prev_stock=&price%5Bfrom%5D=800000&price%5Bto%5D=120000000&ploshchad%5Bfrom%5D=13.5&ploshchad%5Bto%5D=1083
676,1,5200000,42.51,Ленинский,https://www.an-nks.ru/search?view=filter-search&type=0&prev_type=0&district=Юго-Западный&prev_district=Юго-Западный&prev_stock=&price%5Bfrom%5D=800000&price%5Bto%5D=120000000&ploshchad%5Bfrom%5D=13.5&ploshchad%5Bto%5D=1083
677,1,5200000,42.25,Ленинский,https://www.an-nks.ru/search?view=filter-search&type=0&prev_type=0&district=Юго-Западный&prev_district=Юго-Западный&prev_stock=&price%5Bfrom%5D=800000&price%5Bto%5D=120000000&ploshchad%5Bfrom%5D=13.5&ploshchad%5Bto%5D=1083
678,1,5200000,46.12,Ленинский,https://www.an-nks.ru/search?view=filter-search&type=0&prev_type=0&district=Юго-Западный&prev_district=Юго-Западный&prev_stock=&price%5Bfrom%5D=800000&price%5Bto%5D=120000000&ploshchad%5Bfrom%5D=13.5&ploshchad%5Bto%5D=1083
679,1,5250000,42.29,Ленинский,https://www.an-nks.ru/search?view=filter-search&type=0&prev_type=0&district=Юго-Западный&prev_district=Юго-Западный&prev_stock=&price%5Bfrom%5D=800000&price%5Bto%5D=120000000&ploshchad%5Bfrom%5D=13.5&ploshchad%5Bto%5D=1083
680,1,5350000,45.31,Ленинский,https://www.an-nks.ru/search?view=filter-search&type=0&prev_type=0&district=Юго-Западный&prev_district=Юго-Западный&prev_stock=&price%5Bfrom%5D=800000&price%5Bto%5D=120000000&ploshchad%5Bfrom%5D=13.5&ploshchad%5Bto%5D=1083
681,1,5350000,45.51,Ленинский,https://www.an-nks.ru/search?view=filter-search&type=0&prev_type=0&district=Юго-Западный&prev_district=Юго-Западный&prev_stock=&price%5Bfrom%5D=800000&price%5Bto%5D=120000000&ploshchad%5Bfrom%5D=13.5&ploshchad%5Bto%5D=1083
682,1,5400000,45.47,Ленинский,https://www.an-nks.ru/search?view=filter-search&type=0&prev_type=0&district=Юго-Западный&prev_district=Юго-Западный&prev_stock=&price%5Bfrom%5D=800000&price%5Bto%5D=120000000&ploshchad%5Bfrom%5D=13.5&ploshchad%5Bto%5D=1083
683,1,5450000,45.23,Ленинский,https://www.an-nks.ru/search?view=filter-search&type=0&prev_type=0&district=Юго-Западный&prev_district=Юго-Западный&prev_stock=&price%5Bfrom%5D=800000&price%5Bto%5D=120000000&ploshchad%5Bfrom%5D=13.5&ploshchad%5Bto%5D=1083
684,1,5450000,45.47,Ленинский,https://www.an-nks.ru/search?view=filter-search&type=0&prev_type=0&district=Юго-Западный&prev_district=Юго-Западный&prev_stock=&price%5Bfrom%5D=800000&price%5Bto%5D=120000000&ploshchad%5Bfrom%5D=13.5&ploshchad%5Bto%5D=1083
685,2,7000000,71.57,Ленинский,https://www.an-nks.ru/search?view=filter-search&type=0&prev_type=0&district=Юго-Западный&prev_district=Юго-Западный&prev_stock=&price%5Bfrom%5D=800000&price%5Bto%5D=120000000&ploshchad%5Bfrom%5D=13.5&ploshchad%5Bto%5D=1083
686,2,7050000,68.18,Ленинский,https://www.an-nks.ru/search?view=filter-search&type=0&prev_type=0&district=Юго-Западный&prev_district=Юго-Западный&prev_stock=&price%5Bfrom%5D=800000&price%5Bto%5D=120000000&ploshchad%5Bfrom%5D=13.5&ploshchad%5Bto%5D=1083
687,2,7200000,68.34,Ленинский,https://www.an-nks.ru/search?view=filter-search&type=0&prev_type=0&district=Юго-Западный&prev_district=Юго-Западный&prev_stock=&price%5Bfrom%5D=800000&price%5Bto%5D=120000000&ploshchad%5Bfrom%5D=13.5&ploshchad%5Bto%5D=1083
688,2,7300000,72.09,Ленинский,https://www.an-nks.ru/search?view=filter-search&type=0&prev_type=0&district=Юго-Западный&prev_district=Юго-Западный&prev_stock=&price%5Bfrom%5D=800000&price%5Bto%5D=120000000&ploshchad%5Bfrom%5D=13.5&ploshchad%5Bto%5D=1083
689,2,7300000,69.22,Ленинский,https://www.an-nks.ru/search?view=filter-search&type=0&prev_type=0&district=Юго-Западный&prev_district=Юго-Западный&prev_stock=&price%5Bfrom%5D=800000&price%5Bto%5D=120000000&ploshchad%5Bfrom%5D=13.5&ploshchad%5Bto%5D=1083
690,3,8250000,84.48,Ленинский,https://www.an-nks.ru/search?view=filter-search&type=0&prev_type=0&district=Юго-Западный&prev_district=Юго-Западный&prev_stock=&price%5Bfrom%5D=800000&price%5Bto%5D=120000000&ploshchad%5Bfrom%5D=13.5&ploshchad%5Bto%5D=1083
691,3,8400000,84.59,Ленинский,https://www.an-nks.ru/search?view=filter-search&type=0&prev_type=0&district=Юго-Западный&prev_district=Юго-Западный&prev_stock=&price%5Bfrom%5D=800000&price%5Bto%5D=120000000&ploshchad%5Bfrom%5D=13.5&ploshchad%5Bto%5D=1083
692,3,8400000,84.37,Ленинский,https://www.an-nks.ru/search?view=filter-search&type=0&prev_type=0&district=Юго-Западный&prev_district=Юго-Западный&prev_stock=&price%5Bfrom%5D=800000&price%5Bto%5D=120000000&ploshchad%5Bfrom%5D=13.5&ploshchad%5Bto%5D=1083
693,3,8400000,84.33,Ленинский,https://www.an-nks.ru/search?view=filter-search&type=0&prev_type=0&district=Юго-Западный&prev_district=Юго-Западный&prev_stock=&price%5Bfrom%5D=800000&price%5Bto%5D=120000000&ploshchad%5Bfrom%5D=13.5&ploshchad%5Bto%5D=1083
694,3,8500000,87.94,Ленинский,https://www.an-nks.ru/search?view=filter-search&type=0&prev_type=0&district=Юго-Западный&prev_district=Юго-Западный&prev_stock=&price%5Bfrom%5D=800000&price%5Bto%5D=120000000&ploshchad%5Bfrom%5D=13.5&ploshchad%5Bto%5D=1083
695,3,8600000,85.35,Ленинский,https://www.an-nks.ru/search?view=filter-search&type=0&prev_type=0&district=Юго-Западный&prev_district=Юго-Западный&prev_stock=&price%5Bfrom%5D=800000&price%5Bto%5D=120000000&ploshchad%5Bfrom%5D=13.5&ploshchad%5Bto%5D=1083
696,3,8600000,85.5,Ленинский,https://www.an-nks.ru/search?view=filter-search&type=0&prev_type=0&district=Юго-Западный&prev_district=Юго-Западный&prev_stock=&price%5Bfrom%5D=800000&price%5Bto%5D=120000000&ploshchad%5Bfrom%5D=13.5&ploshchad%5Bto%5D=1083
697,3,8600000,87.78,Ленинский,https://www.an-nks.ru/search?view=filter-search&type=0&prev_type=0&district=Юго-Западный&prev_district=Юго-Западный&prev_stock=&price%5Bfrom%5D=800000&price%5Bto%5D=120000000&ploshchad%5Bfrom%5D=13.5&ploshchad%5Bto%5D=1083
698,3,9000000,89.17,Ленинский,https://www.an-nks.ru/search?view=filter-search&type=0&prev_type=0&district=Юго-Западный&prev_district=Юго-Западный&prev_stock=&price%5Bfrom%5D=800000&price%5Bto%5D=120000000&ploshchad%5Bfrom%5D=13.5&ploshchad%5Bto%5D=1083
699,3,10000000,108.76,Ленинский,https://www.an-nks.ru/search?view=filter-search&type=0&prev_type=0&district=Юго-Западный&prev_district=Юго-Западный&prev_stock=&price%5Bfrom%5D=800000&price%5Bto%5D=120000000&ploshchad%5Bfrom%5D=13.5&ploshchad%5Bto%5D=1083
700,3,10300000,108.1,Ленинский,https://www.an-nks.ru/search?view=filter-search&type=0&prev_type=0&district=Юго-Западный&prev_district=Юго-Западный&prev_stock=&price%5Bfrom%5D=800000&price%5Bto%5D=120000000&ploshchad%5Bfrom%5D=13.5&ploshchad%5Bto%5D=1083
701,3,10500000,108.28,Ленинский,https://www.an-nks.ru/search?view=filter-search&type=0&prev_type=0&district=Юго-Западный&prev_district=Юго-Западный&prev_stock=&price%5Bfrom%5D=800000&price%5Bto%5D=120000000&ploshchad%5Bfrom%5D=13.5&ploshchad%5Bto%5D=1083
702,4,10600000,114.3,Ленинский,https://www.an-nks.ru/search?view=filter-search&type=0&prev_type=0&district=Юго-Западный&prev_district=Юго-Западный&prev_stock=&price%5Bfrom%5D=800000&price%5Bto%5D=120000000&ploshchad%5Bfrom%5D=13.5&ploshchad%5Bto%5D=1083
703,4,10800000,114.3,Ленинский,https://www.an-nks.ru/search?view=filter-search&type=0&prev_type=0&district=Юго-Западный&prev_district=Юго-Западный&prev_stock=&price%5Bfrom%5D=800000&price%5Bto%5D=120000000&ploshchad%5Bfrom%5D=13.5&ploshchad%5Bto%5D=1083
